Lead,Date,Notes,Status,Sales Rep
Jessica Garcia,2024-11-23,Commercial box writer reveal arrive back big.,Contacted,Becky Weaver
Jonathan Brown,2024-11-01,Without laugh should responsibility.,Closed - Won,Unassigned
Michelle Rodriguez,2024-11-15,Large job tax nor.,New,Becky Weaver
Crystal Molina,2024-11-17,Region family let write.,New,Becky Weaver
Monica Cross,2024-11-27,American shoulder too.,Closed - Won,John Small
Michelle Barnes,2024-11-17,Seven according question.,Contacted,Melissa Ortiz
Stephanie Price,2024-11-18,Rise education truth strong.,Proposal Sent,Alexandra Harris
Andrew Chavez,2024-11-10,Modern member sound wife.,Qualified,John Small
Alexis Clark,2024-11-17,Radio some able service admit.,Closed - Lost,Melissa Ortiz
Sherry Davis,2024-11-08,Join a free.,Qualified,Becky Weaver
Benjamin Ferguson,2024-11-30,Make seven put ago mind.,New,Becky Weaver
Mrs. Julie Rangel,2024-11-24,Put modern them.,Closed - Won,Melissa Ortiz
Patrick Ward,2024-11-18,Have into arm on big anyone.,Closed - Won,John Small
Katherine Holloway,2024-11-18,Cut and group agent plan same almost determine.,Proposal Sent,Becky Weaver
Michelle Hoffman,2024-11-24,Road pressure board college social these indeed.,Qualified,Unassigned
Carla Clay,2024-11-12,Possible growth never other although.,Contacted,Alexandra Harris
Nicholas Thompson,2024-11-05,Establish affect detail speech change walk thousand.,Proposal Sent,Melissa Ortiz
David Hernandez,2024-11-19,Product poor next.,Closed - Won,Melissa Ortiz
Hannah Perez,2024-11-07,Fund daughter doctor medical.,Proposal Sent,John Small
Michael Ward,2024-11-02,Wish about discover billion technology space.,Contacted,John Small
Ryan Joyce,2024-11-17,Movie answer behavior later.,Closed - Lost,Melissa Ortiz
Ashley Wells,2024-11-01,Blue minute sound inside system section.,Qualified,John Small
Christopher Anthony,2024-11-07,Thus dream cultural trouble.,Closed - Lost,John Small
Michelle Oconnell,2024-11-03,Event share later section wait specific decade.,Contacted,Melissa Ortiz
Maria Huff,2024-11-01,Second discussion fine general phone.,Qualified,Unassigned
Daniel David,2024-11-21,Any pull central west mention others deep.,Contacted,Becky Weaver
John Wilcox,2024-11-04,Key create east song find like.,Qualified,Melissa Ortiz
Sophia Baldwin,2024-11-20,Thousand strong summer.,Closed - Lost,Alexandra Harris
Scott Cole,2024-11-20,Five fine movie.,Closed - Lost,Alexandra Harris
Alyssa Cohen,2024-11-21,Cut question network knowledge where night scientist.,Proposal Sent,John Small
Dennis Anthony,2024-11-19,Himself word worker recognize.,Qualified,Becky Weaver
John Banks,2024-11-16,Two government face movement.,Closed - Lost,Melissa Ortiz
Samantha Johnson,2024-11-13,Feel light soldier everyone able whatever gun.,Contacted,Becky Weaver
Amanda Alvarez,2024-11-20,Consider population clear more card available fast.,Contacted,Becky Weaver
Kimberly Walker,2024-11-26,Take off fly call project western identify choose.,Closed - Lost,Unassigned
James Barnes,2024-11-06,Data language attack of.,Contacted,Alexandra Harris
Karen Hartman,2024-11-28,Sing anything sister cultural expert rather impact.,Closed - Lost,John Small
Laura Nelson,2024-11-07,Church even true once.,Contacted,John Small
Sarah Sloan,2024-11-05,Candidate local mission stage.,New,Melissa Ortiz
Brian Morris DDS,2024-11-25,Him board nature forget my.,Closed - Lost,Alexandra Harris
Kevin Short,2024-11-18,Thus note rather charge reach number.,Closed - Won,Melissa Ortiz
Scott Lindsey,2024-11-16,Born season kitchen what.,Proposal Sent,John Small
Jeff Russell,2024-11-12,Professor begin involve.,New,Melissa Ortiz
Elizabeth Smith,2024-11-28,Gas so interview later alone couple.,Closed - Won,Unassigned
Catherine Reynolds,2024-11-27,Base team by street ok.,Qualified,John Small
Travis Walsh,2024-11-15,Picture stop power education morning.,Closed - Won,John Small
Lisa Barker,2024-11-09,Upon record too.,Qualified,Melissa Ortiz
Ryan Vasquez,2024-11-08,Training white with study.,New,John Small
Chelsea Rodriguez,2024-11-09,Use city again able partner security drug administration.,New,Unassigned
Steven Reid,2024-11-14,Provide return attack she song the.,Closed - Won,John Small
Shawn Woods,2024-11-20,Relationship information leave risk.,Qualified,John Small
Andre Rodriguez,2024-11-03,College back writer citizen act.,Proposal Sent,John Small
Nathan Schmidt,2024-11-06,Language wonder less next once help.,Qualified,John Small
Jennifer Hanson,2024-11-10,Themselves exist garden.,Qualified,Melissa Ortiz
Dr. Eric Garza,2024-11-11,Money two matter could.,New,Becky Weaver
James Perry,2024-11-18,Cup pull black business company career college.,Closed - Lost,Alexandra Harris
Justin Munoz,2024-11-12,Tree lose test factor popular dog.,Proposal Sent,Melissa Ortiz
Taylor Nolan,2024-11-03,Agreement cultural decade player indeed.,Closed - Lost,Becky Weaver
Connie Roberts,2024-11-24,Result be single ability medical piece energy.,Proposal Sent,Becky Weaver
David Moses,2024-11-22,Democratic western to each.,Closed - Lost,Becky Weaver
Mrs. Tiffany Johnson,2024-11-14,Race their culture amount use.,Closed - Lost,John Small
Elizabeth Colon,2024-11-21,Inside keep economy move social.,New,John Small
James Perry,2024-11-05,Hotel however yard often.,New,Alexandra Harris
Jordan Mckinney,2024-11-20,Education great federal.,Contacted,Alexandra Harris
Thomas White,2024-11-12,Focus material ready girl social list.,Closed - Won,John Small
Rachel Lam,2024-11-14,Scientist trade six then analysis medical.,Closed - Lost,Alexandra Harris
Jamie Doyle,2024-11-30,Town spend argue couple.,Proposal Sent,Melissa Ortiz
Joseph Hodge,2024-11-24,Hotel ever list.,Closed - Won,John Small
Anna Castillo,2024-11-25,Low significant many account.,Closed - Won,Alexandra Harris
Diana Johnson,2024-11-28,Full experience director drive drop race anything.,Qualified,Alexandra Harris
Frederick Lynn,2024-11-19,Paper television computer court voice right fly.,Qualified,Melissa Ortiz
Darius Carlson,2024-11-26,Student agreement draw Mr page moment.,Closed - Lost,Becky Weaver
Claire Buckley,2024-11-07,Above item herself sense.,Proposal Sent,Becky Weaver
Jason Harrison,2024-11-25,Whose oil official buy.,New,Melissa Ortiz
Christina Golden,2024-11-15,Write since leader key.,New,John Small
Molly Price,2024-11-01,Color summer result attention hot high.,Closed - Lost,John Small
Matthew Stewart,2024-11-24,During party lot public.,Qualified,John Small
Mark Campos,2024-11-10,Suggest southern race message ability send.,Closed - Won,John Small
Charles Rivera,2024-11-22,Interview analysis design we.,Closed - Lost,Alexandra Harris
Mark Fitzgerald,2024-11-02,Control win learn sound glass statement.,Closed - Won,Melissa Ortiz
Ryan King,2024-11-30,Author meet young price.,Closed - Won,John Small
Mark Arnold,2024-11-08,Interest many year sell.,Contacted,Becky Weaver
Mr. Scott Flores,2024-11-04,Low policy second set mouth carry voice.,Proposal Sent,Becky Weaver
Norman Mitchell,2024-11-03,Your unit there answer administration company suggest.,New,Melissa Ortiz
Chris Buchanan,2024-11-27,Memory wonder receive chance Mr several.,New,Alexandra Harris
Mark Gutierrez,2024-11-18,Else above rate respond.,Qualified,Melissa Ortiz
Denise Williams,2024-11-06,Beyond society wonder.,Closed - Won,Melissa Ortiz
Cody Willis,2024-11-16,Help learn likely fish.,Closed - Won,Melissa Ortiz
Melissa Smith,2024-11-15,Cover member interesting.,Qualified,Becky Weaver
Melissa Smith,2024-11-15,Cover member interesting.,Qualified,John Small
Tara Reynolds,2024-11-23,Mr sister wait usually city.,Closed - Lost,Becky Weaver
Linda Daniel,2024-11-16,Ball pull oil material public a cultural high.,New,Becky Weaver
Lisa Barker,2024-11-06,Example control yourself community trade term.,Qualified,Melissa Ortiz
Robert Young,2024-11-08,Trial strategy everyone finally might trial speech.,Closed - Won,Melissa Ortiz
Valerie Schultz,2024-11-07,Agree story sit.,Closed - Lost,Unassigned
Michael Wolf,2024-11-06,Create police theory girl store doctor.,Closed - Lost,Becky Weaver
Jacqueline Gordon,2024-11-16,We serious expert toward wind popular.,Closed - Lost,Becky Weaver
Lindsey Walters,2024-11-07,Become newspaper husband election young different measure.,Contacted,Alexandra Harris
Alicia Meyer,2024-11-22,Gun finally pull.,Proposal Sent,Melissa Ortiz
Stacey Kelly,2024-11-26,Speech money make add thank young pretty.,Closed - Won,Melissa Ortiz
Cathy Wright,2024-11-08,People civil actually through.,Closed - Won,Becky Weaver
John Harris,2024-11-14,Room make can lot protect your.,New,Melissa Ortiz
Thomas Smith,2024-11-08,Quite yes drop wife.,Closed - Won,Alexandra Harris
Adrienne Carter,2024-11-05,Economy form space responsibility student body course.,Qualified,Becky Weaver
Kenneth Harrison,2024-11-17,Land chair evidence kind majority somebody something.,Qualified,Melissa Ortiz
Stephanie Gibson,2024-11-18,Operation state year concern soon.,Closed - Lost,Alexandra Harris
Stephen Williams,2024-11-15,Impact whole share article understand political place.,Proposal Sent,Becky Weaver
Doris Jensen,2024-11-08,Weight need clear physical visit.,New,Becky Weaver
Pamela Garrett,2024-11-22,Affect pattern material modern accept town.,Qualified,John Small
Daisy Bailey,2024-11-02,Arrive baby land position.,Closed - Won,John Small
Pamela Baker,2024-11-06,Discover serious surface team the each.,Closed - Lost,Becky Weaver
Matthew Simmons,2024-11-26,View drug field kid visit study.,New,Alexandra Harris
Marcus Bryan,2024-11-02,Front choose suffer fact thing wonder.,Proposal Sent,Alexandra Harris
Walter Diaz,2024-11-27,Soon story by second travel others.,Closed - Won,Becky Weaver
Mrs. Tiffany Johnson,2024-11-08,Long city beat newspaper doctor pay physical.,Closed - Won,John Small
Joseph West DDS,2024-11-11,Series senior young home.,Proposal Sent,John Small
Michael Ayala,2024-11-14,Improve necessary enjoy anyone art bag because perhaps.,Proposal Sent,Melissa Ortiz
Mrs. Tiffany Johnson,2024-11-11,Be much second.,Proposal Sent,John Small
Michael Kelly,2024-11-08,Fly carry including me family need financial ground.,Closed - Lost,John Small
Jason Mullins,2024-11-18,Throughout way decide way Mr dinner.,Closed - Lost,John Small
Briana Greene,2024-11-16,Strategy program item including.,New,Melissa Ortiz
Cindy Brooks,2024-11-16,Paper hour anyone picture away technology growth.,Closed - Won,Unassigned
Audrey Randall,2024-11-10,There address such leg series lead.,Proposal Sent,John Small
Susan Smith,2024-11-08,Matter lose race fine.,Closed - Won,Becky Weaver
Douglas Richardson,2024-11-01,Book nice movie executive improve.,Qualified,Melissa Ortiz
Charles King,2024-11-16,Fish science region someone fish.,New,Melissa Ortiz
Susan Smith,2024-11-17,Themselves plan structure I skin.,Closed - Lost,Becky Weaver
Roy Marsh,2024-11-13,Strong economic there however enough.,Qualified,Becky Weaver
Bradley Fleming MD,2024-11-09,Interesting often edge feeling not policy.,Closed - Lost,John Small
Tamara Jenkins,2024-11-12,Conference career difficult different.,Qualified,Alexandra Harris
Kenneth Henderson,2024-11-27,Agent night we ever dinner reduce.,New,Melissa Ortiz
Tiffany Dean,2024-11-09,Bed money bill table night need.,Closed - Won,Alexandra Harris
David Mcguire,2024-11-25,Type decision manager step high data official.,Closed - Lost,Unassigned
Jason Farmer,2024-11-20,Reduce nothing state concern cost.,Qualified,Becky Weaver
Mark Graves,2024-11-14,Structure support center among probably few deal.,Closed - Lost,John Small
Justin Mills,2024-11-24,Share language task forward purpose.,Closed - Lost,Unassigned
Tammy Hayes,2024-11-30,Include break manager computer black enough head.,Closed - Won,Melissa Ortiz
Lisa Barker,2024-11-22,Job whether leave born always positive specific.,Closed - Won,Melissa Ortiz
Karen Bailey,2024-11-30,Same you note sing.,New,Becky Weaver
Thomas Peterson,2024-11-23,Can theory food north.,Proposal Sent,John Small
Dr. Rachel Peters,2024-11-16,Find detail position look message notice might.,New,Melissa Ortiz
Jennifer Ellison,2024-11-05,Leader employee who lot sure note former.,Proposal Sent,Becky Weaver
Sarah York,2024-11-05,Common government teacher table bring notice.,Closed - Won,Melissa Ortiz
Linda Vazquez,2024-11-13,System TV fund audience join knowledge.,Closed - Lost,John Small
Drew Baird,2024-11-07,Level article kid remember.,Proposal Sent,Unassigned
Mrs. Patricia Dyer,2024-11-09,Benefit necessary leader off talk he anyone hold.,Contacted,Melissa Ortiz
Tiffany Cisneros,2024-11-30,Yourself ready indicate thousand simple onto.,Closed - Lost,Alexandra Harris
Lori Gray,2024-11-20,Someone toward treat Congress notice student.,New,Melissa Ortiz
Debra Montoya,2024-11-24,Public popular detail space great.,Qualified,Melissa Ortiz
Johnny Wilson,2024-11-11,More enjoy less great see sort something.,Closed - Lost,Melissa Ortiz
Jennifer King,2024-11-01,Couple detail skill whose remember fact action the.,Contacted,Becky Weaver
Reginald Reyes,2024-11-28,Employee current western top.,New,Becky Weaver
Stephen Krause,2024-11-10,According easy foot three decade memory.,Proposal Sent,Becky Weaver
Regina Dunn,2024-11-27,And society teach character treat.,Proposal Sent,Melissa Ortiz
Mr. Maurice Friedman,2024-11-30,Consumer model color hear under hard.,Qualified,Becky Weaver
Christine Perez,2024-11-12,Themselves meeting high.,Closed - Won,Melissa Ortiz
Matthew Harrison,2024-11-08,School serious public manager program.,Contacted,Alexandra Harris
Matthew Harrison,2024-11-08,School serious public manager program.,Contacted,Unassigned
Ryan Roberts,2024-11-08,He without sea entire.,New,Melissa Ortiz
Mr. Joshua Andrews Jr.,2024-11-17,Move analysis drug school throughout.,Proposal Sent,John Small
Justin Mills,2024-11-08,Line analysis task travel these.,Qualified,Unassigned
Eric Mills,2024-11-22,Gas health carry less.,Contacted,John Small
Robert Nelson,2024-11-23,On contain only history become suddenly.,Closed - Won,John Small
Duane Jackson,2024-11-23,Stand well senior charge friend fact.,Qualified,Melissa Ortiz
Sheila Keller,2024-11-26,Body skill such capital.,Closed - Lost,John Small
David Hernandez,2024-11-24,Loss although less involve.,New,Melissa Ortiz
Thomas Young,2024-11-22,People occur report daughter report method level.,New,Alexandra Harris
Jane Garcia,2024-11-06,Government bag company.,New,Alexandra Harris
Robert Jennings,2024-11-23,Lead together control information task share.,New,Melissa Ortiz
Donald Patel,2024-11-15,Success hospital traditional.,Qualified,Melissa Ortiz
Susan Scott,2024-11-17,Purpose likely including sport major.,New,Alexandra Harris
Chris Johnson MD,2024-11-11,Be produce green and together your.,Qualified,John Small
Scott Lindsey,2024-11-21,Keep including control administration seem four.,Proposal Sent,John Small
Jerry Marshall,2024-11-25,Professor guess opportunity purpose.,Closed - Lost,Unassigned
Krystal Glover DVM,2024-11-17,Get son enter imagine candidate edge.,Closed - Lost,Melissa Ortiz
Anthony Parker DDS,2024-11-21,Partner case authority long measure.,Qualified,John Small
Reginald Jones,2024-11-29,Price add where stock speech on view town.,Proposal Sent,Melissa Ortiz
Caleb Simon,2024-11-29,You identify lay identify social less.,Proposal Sent,John Small
Lisa Patterson,2024-11-04,Maybe happen pick range.,Proposal Sent,John Small
Alyssa Cohen,2024-11-22,Another discover along.,Closed - Won,John Small
Stephen Morris,2024-11-18,Kitchen more address road tell staff.,New,Melissa Ortiz
John Chase,2024-11-01,May energy organization site.,Closed - Won,Becky Weaver
Jennifer Choi,2024-11-10,Personal cause some charge personal to do.,Contacted,Melissa Ortiz
Brenda Collins,2024-11-10,Month south than police likely federal law.,Qualified,Melissa Ortiz
Alicia Lin,2024-11-30,Off lot another live.,Proposal Sent,Becky Weaver
Travis Hinton,2024-11-11,Indeed Congress east better hear throw down.,Contacted,Unassigned
Evan Lee,2024-11-30,Story break Democrat under choose system.,Closed - Won,Melissa Ortiz
Monica Cross,2024-11-03,Who stay next half where build.,Closed - Lost,John Small
Sherri Moore,2024-11-18,Possible growth run game Congress pull hard.,Closed - Won,Alexandra Harris
Catherine Nunez,2024-11-16,Cover so tough southern.,Closed - Lost,Melissa Ortiz
Danielle Mendez,2024-11-29,Phone market including kid government stop.,Closed - Won,Becky Weaver
Jacob Miller,2024-11-24,Different director late rule media arrive.,Qualified,Melissa Ortiz
Charles King,2024-11-17,Certain that laugh campaign interest consider movie.,New,Melissa Ortiz
Mark Acevedo,2024-11-04,Such response ground brother boy much.,New,Alexandra Harris
Harold Schneider,2024-11-05,Party evidence line peace.,Closed - Lost,Alexandra Harris
Cynthia Davis,2024-11-04,Especially test parent argue main production pay.,Closed - Lost,Becky Weaver
Wayne Taylor,2024-11-01,Note player set responsibility learn.,Closed - Lost,Melissa Ortiz
Wayne Taylor,2024-11-01,Note player set responsibility learn.,Closed - Lost,John Small
Mark Gutierrez,2024-11-19,Investment also administration state two.,Closed - Won,Melissa Ortiz
Marcus Bryan,2024-11-26,Structure space main lawyer offer deep rise.,Qualified,Alexandra Harris
Teresa Nelson,2024-11-20,Manager guy skin.,Closed - Lost,Becky Weaver
Brandon Mccullough,2024-11-09,Talk particularly boy table century.,Proposal Sent,Melissa Ortiz
Denise Williams,2024-11-13,Fact own production spend international police.,New,Melissa Ortiz
Patricia Gonzalez,2024-11-02,Vote woman Democrat member new tell week.,Proposal Sent,John Small
Jennifer Jordan,2024-11-23,Control easy enter teacher show become surface control.,Closed - Won,Unassigned
Sherri Moore,2024-11-29,Military add sit yeah see on admit.,Qualified,Alexandra Harris
Ashley Moore,2024-11-18,Fly while for between camera above these agent.,New,Unassigned
Julie Williams,2024-11-16,Loss maybe tend real white.,Qualified,Melissa Ortiz
Michael Mendoza,2024-11-19,Lot begin conference.,Qualified,Melissa Ortiz
Jonathan Miller,2024-11-17,Begin course huge little forward example almost increase.,Proposal Sent,Melissa Ortiz
Kenneth Henderson,2024-11-09,Determine me huge eye across soldier.,Proposal Sent,Melissa Ortiz
William Keith,2024-11-22,Only leg record world push one.,Closed - Lost,Melissa Ortiz
Christopher Anthony,2024-11-12,National billion American food exist.,Closed - Lost,John Small
Mrs. Tiffany Johnson,2024-11-19,Health way meeting exist structure.,Qualified,John Small
Angela Smith,2024-11-19,Often child produce wall thank.,Closed - Lost,John Small
Alexis Kline,2024-11-21,Part happy ago decide.,Proposal Sent,Becky Weaver
Robert Alexander,2024-11-09,Marriage friend note reach about.,Closed - Lost,Alexandra Harris
Mike Alvarado,2024-11-17,Case law doctor either half stage.,Closed - Lost,Melissa Ortiz
Adam Herman,2024-11-17,Tonight chair carry customer eye rest.,Qualified,Alexandra Harris
Christina Golden,2024-11-08,Billion option while bed against score.,Closed - Lost,John Small
Ashley Wells,2024-11-17,Some store Mr maintain statement today past under.,Qualified,John Small
Patrick Perez,2024-11-11,Send although budget race.,Proposal Sent,Alexandra Harris
Casey Harris,2024-11-18,Decision according question itself city threat.,Closed - Won,Unassigned
Jennifer Huerta,2024-11-18,Spring herself great finally thought despite.,Closed - Won,Unassigned
John Gibson,2024-11-12,Owner create plant likely conference.,New,Melissa Ortiz
Robert Perkins,2024-11-06,Seem might receive continue knowledge effort.,Closed - Won,Alexandra Harris
Wendy Murray,2024-11-21,Husband wife century have.,Closed - Won,John Small
Jennifer Jackson,2024-11-24,Upon teach senior few.,Closed - Won,Becky Weaver
Marcus Bryan,2024-11-06,Bank receive seek news through action financial.,Qualified,Alexandra Harris
Roberto Robinson,2024-11-08,Part any baby alone quite new window.,Closed - Won,Melissa Ortiz
Alicia Ray,2024-11-01,Anything degree last city.,Closed - Won,Unassigned
Brian Clark,2024-11-01,Attack memory particularly interview.,Proposal Sent,Alexandra Harris
Scott Soto,2024-11-27,Fill gas little social.,Closed - Won,Alexandra Harris
Stacey Kelly,2024-11-15,Theory eat claim already management recognize talk wear.,Qualified,Melissa Ortiz
Benjamin Hall,2024-11-26,Analysis information really in letter board authority.,Closed - Won,Becky Weaver
Amanda Zimmerman,2024-11-06,Behavior sense traditional against not.,Closed - Lost,Alexandra Harris
Thomas Bailey,2024-11-18,Poor because media city.,Qualified,John Small
Christopher Allen,2024-11-12,Often six few treatment like.,Proposal Sent,Alexandra Harris
Brian Morris DDS,2024-11-29,Standard president main painting color free.,Qualified,Alexandra Harris
Anthony Campbell,2024-11-30,Phone like minute property require final.,Closed - Lost,John Small
John Brown,2024-11-16,Stuff with say line beautiful wish rather.,New,Melissa Ortiz
Marcia Kline,2024-11-01,Participant policy impact audience bag social.,Proposal Sent,Unassigned
Michelle Hoffman,2024-11-07,Pick around century support far argue lawyer.,Qualified,Unassigned
Bradley Gomez,2024-11-21,Great then shoulder increase hot off.,New,Unassigned
Mr. Peter Arnold,2024-11-02,Reduce week ball couple with heart north.,New,John Small
Jessica Stanton,2024-11-14,Case spend relationship mother.,New,Melissa Ortiz
Frederick Lynn,2024-11-13,Where deep test high.,Closed - Won,Melissa Ortiz
Terrance Reynolds,2024-11-04,East sit suffer sit.,Closed - Lost,Melissa Ortiz
Steven Reid,2024-11-22,Deal number economy physical.,Closed - Lost,John Small
Jennifer King,2024-11-03,Cause answer year future off.,Proposal Sent,Becky Weaver
Robert Jennings,2024-11-27,Drop majority he play box much dog learn.,Closed - Won,Melissa Ortiz
Michael Miller,2024-11-11,Time TV exist several plant serious kitchen.,Qualified,Melissa Ortiz
Melinda Brady,2024-11-09,Worker stay agree among thing stage.,Contacted,John Small
Christina Griffith,2024-11-22,Ten money talk economic group former sign clearly.,Closed - Won,Alexandra Harris
Charles Eaton,2024-11-21,Mouth contain like actually seem author class.,Closed - Lost,John Small
Katrina Shepherd,2024-11-04,Model especially enjoy protect modern.,Closed - Won,Melissa Ortiz
Brian Pena,2024-11-15,Dinner new ball cover stay.,Closed - Won,John Small
Kyle Washington,2024-11-10,Head property other beautiful sister when.,Closed - Lost,Unassigned
Michelle Robertson,2024-11-21,Institution wind trouble share star Congress only.,Qualified,Melissa Ortiz
Ryan Joyce,2024-11-16,Put nice size money open reveal.,Proposal Sent,Melissa Ortiz
Patrick Ward,2024-11-27,Lawyer road only result among activity crime.,Contacted,John Small
Jennifer Smith,2024-11-10,Live move inside food receive everything.,Qualified,Becky Weaver
Belinda Wilson,2024-11-23,More southern step kind.,Proposal Sent,Becky Weaver
Diane Mcbride,2024-11-19,Seem fine professional case fear.,Closed - Lost,Alexandra Harris
Michael Hood,2024-11-16,True tax develop enjoy foreign bit.,New,John Small
Brandon Mccullough,2024-11-04,Similar though bit.,Closed - Lost,Melissa Ortiz
Kevin Taylor,2024-11-20,Church clearly strong street try.,New,Becky Weaver
Donna Hays,2024-11-28,Teacher matter summer spring start shoulder.,Closed - Lost,Melissa Ortiz
Kristin Wright,2024-11-28,Shake voice specific two officer sell animal arm.,Proposal Sent,Melissa Ortiz
Roberta Bowman,2024-11-03,Story life many image rule.,Qualified,Melissa Ortiz
Daisy Bailey,2024-11-02,Various plan bank majority later.,Closed - Lost,John Small
Ryan King,2024-11-15,Huge employee charge.,Contacted,John Small
Jordan Hamilton,2024-11-21,Term work my provide push interview read.,Closed - Lost,John Small
Madeline Hays,2024-11-02,Great practice group bar.,New,John Small
Ann Smith,2024-11-19,Thought behind institution campaign.,New,Alexandra Harris
Melissa Smith,2024-11-17,Account whose education camera.,Closed - Won,Becky Weaver
Melissa Smith,2024-11-17,Account whose education camera.,Closed - Won,John Small
Amy Chan,2024-11-14,Play control by glass reality talk.,Qualified,Melissa Ortiz
William Jones,2024-11-21,Low low popular step stay.,Contacted,John Small
Taylor Harrell,2024-11-14,Defense stuff production by school fund.,Closed - Lost,Unassigned
Shirley Phillips,2024-11-21,Politics order option shake study.,Closed - Lost,Unassigned
Nathaniel Arellano,2024-11-21,Score important enough century benefit mean year.,Closed - Won,John Small
Nathaniel Turner,2024-11-11,Per people care reduce during all.,Contacted,Unassigned
Doris Jensen,2024-11-22,Wide student take hard tell begin attack different.,Qualified,Becky Weaver
Susan Tyler,2024-11-30,Exist best lot expert.,Qualified,Alexandra Harris
Elijah Peterson,2024-11-07,Security arrive keep land now company itself.,Contacted,Alexandra Harris
Kevin Moore,2024-11-30,Might level bring late event room.,Proposal Sent,John Small
Ray Wiggins,2024-11-23,Mouth beyond run share.,Contacted,John Small
Dennis Brown,2024-11-03,Standard garden second.,Closed - Lost,Becky Weaver
Tanya Baker,2024-11-23,Minute recent learn few rich future.,Closed - Lost,John Small
Brandon Mccullough,2024-11-25,Notice kind mission worker near price.,Proposal Sent,Melissa Ortiz
Benjamin Vaughn,2024-11-23,Growth fact religious herself stop.,New,Becky Weaver
Austin Schneider,2024-11-19,Century truth natural religious present resource star hit.,Contacted,Becky Weaver
Eric Watkins,2024-11-28,Together focus wall this hundred argue story environmental.,Closed - Won,Alexandra Harris
Tasha Willis,2024-11-07,Through area hundred state.,Qualified,Melissa Ortiz
Sarah Ward,2024-11-13,Enough follow main risk person what draw.,New,Alexandra Harris
Julie Williams,2024-11-19,Will perform where still save concern.,Closed - Won,Melissa Ortiz
Christy Giles,2024-11-19,Part bed food full certain describe start.,Qualified,Becky Weaver
Carla Clay,2024-11-27,Explain win seat.,Contacted,Alexandra Harris
Stephanie Gibson,2024-11-30,Available arrive after word.,Qualified,Alexandra Harris
Deanna West,2024-11-03,Level keep civil traditional operation.,Qualified,Becky Weaver
Kenneth Mitchell,2024-11-18,Pick strategy marriage compare organization information key cold.,Closed - Won,Melissa Ortiz
Jane Curtis,2024-11-14,Production human standard grow become evidence.,Proposal Sent,Becky Weaver
Michael Rodriguez,2024-11-13,Network remember compare manage break party where.,Proposal Sent,Becky Weaver
Gerald Zamora,2024-11-05,Congress decade relationship buy.,Contacted,John Small
Mary Estrada,2024-11-10,Impact prove shoulder employee.,Proposal Sent,Unassigned
Jeffrey Mccann,2024-11-06,Reveal beautiful forward.,Contacted,Melissa Ortiz
Maria Webb,2024-11-13,Chair despite yeah recently of.,Closed - Lost,John Small
Christopher Ramirez,2024-11-10,Form involve medical deal help program top.,Contacted,John Small
Jeremy Hunter,2024-11-03,East pattern collection few buy such.,Contacted,Melissa Ortiz
Christy Greene,2024-11-19,Lead any nor baby keep technology.,Closed - Won,Unassigned
Walter Diaz,2024-11-09,Customer music statement fast.,Contacted,Becky Weaver
Victoria Taylor,2024-11-22,Citizen might necessary church.,New,John Small
Sheila Keller,2024-11-24,Class sense give quickly area of consider.,Closed - Lost,John Small
Dr. Eric Garza,2024-11-30,Own side including real.,Qualified,Becky Weaver
Trevor Curtis,2024-11-21,Very stand sea unit according doctor.,Proposal Sent,Unassigned
Stephanie Gibson,2024-11-23,Our beat himself hundred word.,Contacted,Alexandra Harris
Carl Harmon,2024-11-10,Hot article member data east scientist news.,Proposal Sent,Melissa Ortiz
Derrick Simon,2024-11-24,Year study ball light country garden.,Qualified,Melissa Ortiz
Danny Taylor,2024-11-16,There Mrs send issue camera.,Closed - Lost,Becky Weaver
Virginia Brown,2024-11-22,Six bill huge take.,Closed - Won,Becky Weaver
Nicholas Davis,2024-11-01,Suggest stand clearly deal direction.,Closed - Won,John Small
Mr. Joseph Wilson MD,2024-11-22,Despite mean road keep from executive field.,Qualified,John Small
Ryan Young,2024-11-10,Common direction message smile call.,Closed - Won,Alexandra Harris
Kelly Young,2024-11-03,Wall its media process level no town dog.,Qualified,John Small
Brian Pena,2024-11-13,Knowledge responsibility food around.,Closed - Won,John Small
Joyce Dunn,2024-11-09,Prove suffer argue require whom local image especially.,Proposal Sent,Becky Weaver
Jason Collins,2024-11-10,Difference home husband alone.,Contacted,Melissa Ortiz
Christina Riley,2024-11-23,Consider decision board market name try.,Qualified,Becky Weaver
Anthony Brown,2024-11-02,Also but capital likely first.,Closed - Lost,John Small
Anthony Brown,2024-11-02,Also but capital likely first.,Closed - Lost,Alexandra Harris
Lisa Cowan,2024-11-07,Human check product prepare letter mother movement.,Closed - Lost,Alexandra Harris
Rebekah Phillips,2024-11-11,Technology tend memory record big above.,Closed - Won,Unassigned
Taylor Nolan,2024-11-21,Produce physical behavior different least side.,Proposal Sent,Becky Weaver
Alicia Burgess,2024-11-12,Take policy usually else available.,Qualified,Becky Weaver
Christine Perez,2024-11-28,Personal finish develop coach.,New,Melissa Ortiz
Taylor Harrell,2024-11-10,Loss agreement really boy or team.,Proposal Sent,Unassigned
Kathleen Henson,2024-11-22,Red might question central news first technology.,Proposal Sent,John Small
Ryan Henderson,2024-11-06,Check make herself help same we.,Closed - Won,Melissa Ortiz
Nicholas Thompson,2024-11-25,Thousand media price try among leader.,Contacted,Melissa Ortiz
Anthony Lyons,2024-11-30,Star entire age.,Contacted,Alexandra Harris
Mark Wolf,2024-11-21,Star actually much land rest.,New,Alexandra Harris
Justin Murray,2024-11-15,Reach dinner explain enough.,Closed - Lost,Melissa Ortiz
Heather Fernandez,2024-11-05,Knowledge serve manage.,Closed - Won,Melissa Ortiz
Laura Hernandez,2024-11-08,Gun leader hundred wide after country base.,New,Melissa Ortiz
Dylan Davis,2024-11-19,Than them material once major.,Proposal Sent,John Small
Christine Perez,2024-11-23,Fund defense her customer part throw wonder.,Closed - Won,Melissa Ortiz
Tina Campos,2024-11-19,Discussion about election leave win.,Qualified,Becky Weaver
Marcus Bryan,2024-11-02,White its under present establish common.,New,Alexandra Harris
Laura Hernandez,2024-11-09,Country best keep value decade.,Closed - Won,Melissa Ortiz
Robert Mann,2024-11-02,Area walk mind add right no we.,Closed - Lost,Unassigned
Dylan Gomez,2024-11-16,Half training like according main.,New,Alexandra Harris
Harold Schneider,2024-11-19,Thought right minute along expert politics you major.,Closed - Lost,Alexandra Harris
Victoria Schroeder,2024-11-16,Skin sea set store.,Proposal Sent,John Small
Paula Miller,2024-11-11,How evidence poor class serve participant.,Closed - Lost,Melissa Ortiz
Andrew Owen,2024-11-20,Hard air me choice read model.,Closed - Won,Becky Weaver
Lisa Curtis,2024-11-16,Quite off both way.,Closed - Won,John Small
Thomas Wright,2024-11-13,Value church see art.,New,John Small
Derrick Stone,2024-11-04,Less trouble mother send meeting walk.,New,Becky Weaver
Steven Tanner,2024-11-05,True generation me middle.,Closed - Won,Becky Weaver
Natasha Stanley,2024-11-17,Million different write condition police it.,Closed - Lost,John Small
Mr. Maurice Friedman,2024-11-22,Head catch when can cup pressure budget.,New,Becky Weaver
Christy Giles,2024-11-08,Pick home build whom yet.,Closed - Won,Becky Weaver
Alexander Vasquez,2024-11-22,Security expect anyone pretty memory.,Qualified,Melissa Ortiz
Sharon Schmidt,2024-11-21,Poor commercial already catch.,Proposal Sent,John Small
Christine Johnson,2024-11-20,Radio hard respond Mr.,New,Becky Weaver
Jennifer Jordan,2024-11-09,Hold usually wife consider.,Proposal Sent,Unassigned
Patrick Thornton,2024-11-30,Win before rich bag only push leg want.,Proposal Sent,John Small
Sarah Mullen,2024-11-18,Cause stuff southern.,Qualified,Melissa Ortiz
Thomas Peterson,2024-11-16,Cell investment reason night pick cultural camera.,Closed - Won,John Small
John Miles,2024-11-09,Use hard land hand long.,Qualified,Melissa Ortiz
Melinda Brady,2024-11-11,Change class sound pass country response citizen program.,Closed - Won,John Small
Mary Barnes,2024-11-28,Whom animal represent water draw take.,Closed - Lost,John Small
Amanda Alvarez,2024-11-18,Blood leg including.,Qualified,Becky Weaver
Theresa Richardson,2024-11-07,Market score reduce book right yes.,Proposal Sent,Becky Weaver
Jeffrey Byrd,2024-11-18,Itself station decide campaign after.,New,John Small
Robert Nelson,2024-11-01,Church professional something education.,Closed - Lost,John Small
Dorothy Moore,2024-11-20,Them Democrat whether cover.,Contacted,Alexandra Harris
Sharon Schmidt,2024-11-02,Talk drive which sit southern strong.,Closed - Lost,John Small
Vanessa Hall,2024-11-07,Magazine light somebody affect agent consider learn teacher.,Closed - Won,Melissa Ortiz
Anthony Rodriguez,2024-11-10,Catch today really lead statement reflect leave report.,Proposal Sent,Melissa Ortiz
Lance Melendez,2024-11-22,Movement oil large take foreign camera.,Contacted,Unassigned
Jessica Howell,2024-11-25,According then enjoy last.,Qualified,Alexandra Harris
Amy Gibson,2024-11-29,Congress value fast church type successful star.,Closed - Won,Melissa Ortiz
Dr. Charles Castro,2024-11-20,As everybody know party decision central environmental paper.,Proposal Sent,John Small
Edwin Knight,2024-11-24,Happen thought production carry society western.,Closed - Won,Melissa Ortiz
James Perry,2024-11-30,Throughout country task ever own must shoulder.,New,Alexandra Harris
Francisco Evans,2024-11-30,Who color group effort leader.,Closed - Lost,Unassigned
Randy Brown,2024-11-05,Of unit me religious officer here standard.,Contacted,John Small
Kim Hill,2024-11-11,Feel call speech set.,Qualified,John Small
Jason Mullins,2024-11-05,Apply anyone officer fine open.,Qualified,John Small
James Nunez,2024-11-07,Guess protect citizen stage kitchen.,Closed - Won,Becky Weaver
David Reid,2024-11-13,Wonder drop ever budget.,Proposal Sent,John Small
Marcus Bryan,2024-11-13,Be seem though system whatever third.,Proposal Sent,Alexandra Harris
Kimberly Manning,2024-11-08,Someone property owner successful a white minute.,Closed - Won,John Small
Dr. Elizabeth Manning,2024-11-23,Trade kid product both garden really three.,New,Becky Weaver
Chris Johnson MD,2024-11-02,Require effect fact suggest indicate machine product.,Qualified,John Small
Melissa Osborne,2024-11-07,Service build window fine stuff far.,Qualified,John Small
Thomas Nelson,2024-11-18,Wide everything reach never finish wrong.,Closed - Lost,Unassigned
Ryan Joyce,2024-11-02,Do share you actually especially go himself.,New,Melissa Ortiz
Stephen Mcdonald,2024-11-13,Lose present enter image out fine also drop.,Proposal Sent,Melissa Ortiz
Stephen Mcdonald,2024-11-13,Lose present enter image out fine also drop.,Proposal Sent,Becky Weaver
Jacob Miller,2024-11-24,Base heart when such three television.,Closed - Lost,Melissa Ortiz
Lucas Bridges,2024-11-15,Box western city type.,New,Becky Weaver
Marisa Mckee,2024-11-22,Financial plan impact throw.,Contacted,Melissa Ortiz
Tyler Carpenter,2024-11-07,Thought visit unit as thought he happy.,Qualified,John Small
Michael Perez,2024-11-20,Offer short stand important author mission sit attorney.,Contacted,Alexandra Harris
Heather Chandler,2024-11-05,Treat hit necessary one eight itself mind.,Closed - Won,Melissa Ortiz
Michael Ballard,2024-11-12,Act ahead Mr north.,New,John Small
Russell Davidson,2024-11-30,Turn so drug drug watch body lead.,Contacted,Becky Weaver
Maria Huff,2024-11-18,Enough quickly wrong him I run about bill.,New,Unassigned
Jason Farmer,2024-11-15,Message book and commercial.,Closed - Won,Becky Weaver
William Gordon,2024-11-08,Conference visit political when.,Closed - Lost,Melissa Ortiz
Angela Pollard,2024-11-17,Begin candidate see relationship.,Closed - Lost,John Small
Daniel Fernandez,2024-11-29,Respond although production energy.,Closed - Lost,Melissa Ortiz
Micheal Thomas,2024-11-24,Idea window measure enter bad.,Closed - Lost,Melissa Ortiz
Nicole Sherman,2024-11-06,Guy realize technology marriage.,Closed - Lost,John Small
Michael Hamilton,2024-11-30,Yourself visit especially from expert ability scientist.,Proposal Sent,Melissa Ortiz
Brandi Kelly,2024-11-21,Father finish front stage sign scene.,Qualified,Becky Weaver
Cynthia Davis,2024-11-26,Through commercial trade concern.,Closed - Won,Becky Weaver
Joe Hernandez,2024-11-20,Capital particular particularly especially.,New,Becky Weaver
Caleb Ramos,2024-11-04,Hair leave fast fine fire.,Qualified,John Small
Daniel Miranda,2024-11-06,Simply compare American table hundred.,Closed - Won,Melissa Ortiz
Diane Edwards,2024-11-25,Sound baby red grow.,Qualified,John Small
Matthew Jimenez,2024-11-13,Board set significant summer.,Closed - Won,John Small
Cathy Wright,2024-11-30,Ball newspaper federal save ok hot.,Closed - Lost,Becky Weaver
Kelsey Peterson,2024-11-22,Assume family head movement risk.,Proposal Sent,Becky Weaver
Jim Murphy,2024-11-16,Back reveal one make through particular region.,Closed - Won,John Small
Denise Nguyen,2024-11-27,Better left no organization.,New,Unassigned
Joe Hernandez,2024-11-02,Area kid public pattern friend.,Proposal Sent,Becky Weaver
Aaron Arias,2024-11-23,Rich energy evening together number yet.,Proposal Sent,Alexandra Harris
Mrs. Patricia Dyer,2024-11-11,Behavior office view establish father.,Proposal Sent,Melissa Ortiz
Nicole Thomas,2024-11-26,Force population huge century tell improve shoulder.,Closed - Lost,Becky Weaver
Kenneth Mitchell,2024-11-12,Thought per worry assume old right.,Contacted,Melissa Ortiz
Victoria Hudson,2024-11-23,Economy card value scene realize nor over.,New,Melissa Ortiz
Casey Harris,2024-11-02,Business station want usually want system.,Closed - Lost,Unassigned
Tanya Baker,2024-11-18,Yes including positive simply collection.,Closed - Won,John Small
Adam Chang,2024-11-28,North develop son deep after word.,Closed - Won,Becky Weaver
Briana Greene,2024-11-10,Provide base little east.,New,Melissa Ortiz
Mrs. Ann Oconnor,2024-11-28,Even town note different.,Proposal Sent,Alexandra Harris
Katrina Shepherd,2024-11-10,Young mother help type exactly have.,Qualified,Melissa Ortiz
Mark Brown,2024-11-20,Purpose however law deep trade there happy card.,Proposal Sent,John Small
Debra Montoya,2024-11-18,Design sport office decision individual return phone.,Closed - Won,Melissa Ortiz
David Beard,2024-11-06,Name future project trip.,Contacted,Becky Weaver
Jessica Rodriguez,2024-11-07,Major rather simple themselves unit nice owner short.,Qualified,Becky Weaver
Arthur Andersen,2024-11-14,Evening up ever.,Proposal Sent,John Small
Regina Dunn,2024-11-27,Exactly worry suddenly mother.,Closed - Won,Melissa Ortiz
Patrick Thornton,2024-11-05,Want discussion first its in prevent nothing.,Contacted,John Small
Amber Smith,2024-11-25,Knowledge throughout may special.,New,Becky Weaver
Amber Smith,2024-11-25,Knowledge throughout may special.,New,Becky Weaver
Roger Collins,2024-11-24,Spend write office various need.,Closed - Won,Melissa Ortiz
Anthony Campbell,2024-11-25,Hundred about instead structure others.,Closed - Lost,John Small
Danielle Shaffer,2024-11-11,Surface action understand bag mention body there.,Closed - Lost,Melissa Ortiz
Stacey Costa,2024-11-27,Friend charge black wall candidate.,Closed - Lost,Melissa Ortiz
Mr. Jonathan Webb PhD,2024-11-17,For than them interview.,Proposal Sent,Melissa Ortiz
James Bailey,2024-11-26,Already skin hand research now cup admit.,Closed - Lost,John Small
Amy Chan,2024-11-06,Hair soldier activity kitchen court value.,Proposal Sent,Melissa Ortiz
Lisa Barker,2024-11-11,Vote population action over.,Closed - Lost,Melissa Ortiz
Robert Smith,2024-11-12,Dream guy start event law.,Contacted,Alexandra Harris
Leslie Daniels,2024-11-03,Analysis current outside mother.,Closed - Won,John Small
Bryan Brown,2024-11-29,Education skin out make financial court later.,Proposal Sent,John Small
George Charles,2024-11-09,Marriage strategy factor charge seat pull require owner.,Qualified,Becky Weaver
Alicia Lin,2024-11-19,Finish worry oil report out still bill book.,Contacted,Becky Weaver
Steven Tanner,2024-11-13,Material writer practice above anyone on.,New,Becky Weaver
Jamie Doyle,2024-11-03,Cell reveal approach ten employee idea fly.,Closed - Won,Melissa Ortiz
Daniel Cameron,2024-11-06,Teach trade drive green when I sea.,Closed - Won,Becky Weaver
Benjamin Hall,2024-11-22,Itself total foot southern.,Qualified,Becky Weaver
Darren Owens,2024-11-02,Media political want thousand test quickly.,New,John Small
Gabriella Bolton,2024-11-22,Reflect common within because her mean wind.,Proposal Sent,Becky Weaver
Laura Chan,2024-11-09,Pass whom daughter his pass two because.,Qualified,John Small
Sierra Johnson,2024-11-05,Position east catch know tax.,Contacted,Melissa Ortiz
Michelle Rodriguez,2024-11-14,Former foot degree purpose.,Qualified,Becky Weaver
Jason Collins,2024-11-06,Happy trade fact service throw.,Proposal Sent,Melissa Ortiz
Adrienne Carter,2024-11-01,Sign weight across doctor whose.,Closed - Won,Becky Weaver
Jeremiah Diaz,2024-11-22,Everyone worry southern product second under herself.,New,Melissa Ortiz
Cynthia Davis,2024-11-12,Quality southern remain star.,Proposal Sent,Becky Weaver
Guy Little,2024-11-08,Yet girl important public door easy animal.,Qualified,Unassigned
Aaron Arias,2024-11-20,Officer make statement page through.,Proposal Sent,Alexandra Harris
Anthony Parker DDS,2024-11-11,Can actually area.,Closed - Lost,John Small
James Nunez,2024-11-22,Over scene someone street wonder.,New,Becky Weaver
Jennifer Velasquez,2024-11-13,Theory hour along star debate each professional.,Closed - Won,Melissa Ortiz
Carlos Evans,2024-11-26,Understand director body machine news.,New,Becky Weaver
Travis Walsh,2024-11-26,Lawyer himself ability response.,Closed - Won,John Small
Jason Farmer,2024-11-22,City near work entire until.,Closed - Won,Becky Weaver
Donald Rojas,2024-11-22,He vote after course position figure similar trip.,Closed - Lost,Alexandra Harris
Anne Hoffman,2024-11-27,City teacher term performance where card white.,Closed - Lost,Melissa Ortiz
Joseph Page,2024-11-05,Yard again capital especially.,Qualified,John Small
Jennifer Ellison,2024-11-26,History region common act.,Proposal Sent,Becky Weaver
Spencer Garcia,2024-11-13,Animal mouth by author allow sign air.,Proposal Sent,John Small
Summer Carroll,2024-11-30,Interview computer probably chair.,Proposal Sent,Becky Weaver
Martin Hicks,2024-11-29,Black guy movie cold.,New,Becky Weaver
John Martinez,2024-11-14,Inside much no responsibility various.,Closed - Won,Becky Weaver
Sean Gordon,2024-11-17,These level effect.,Closed - Lost,Unassigned
Ryan King,2024-11-09,Network prove design government.,Qualified,John Small
Gregory Dominguez,2024-11-19,Specific history money never but.,Closed - Won,John Small
Jacob Elliott,2024-11-24,Its if office her prove give.,Contacted,Melissa Ortiz
Jose Dorsey,2024-11-21,Wear seven fall theory at nothing lead.,Proposal Sent,Becky Weaver
Alyssa Lee,2024-11-19,Somebody I do.,Proposal Sent,Alexandra Harris
Michael Hamilton,2024-11-28,Power both age similar smile.,New,Melissa Ortiz
Jennifer Maddox,2024-11-16,Close stop challenge.,Closed - Lost,John Small
Tara Mann,2024-11-11,System appear subject throughout firm.,Qualified,John Small
Audrey Ramos,2024-11-27,Within fine cold vote compare scene move.,Contacted,Melissa Ortiz
Anthony Parker DDS,2024-11-07,Beat law government.,Contacted,John Small
Dr. Elizabeth Manning,2024-11-27,Foot party reflect.,Qualified,Becky Weaver
Courtney Peck,2024-11-20,Consider night deal.,Contacted,John Small
Joyce Mayo,2024-11-05,Pull partner foot popular nature use heavy.,Proposal Sent,John Small
Samantha Duncan,2024-11-25,Throw minute capital explain.,Proposal Sent,Melissa Ortiz
Victoria Garcia,2024-11-10,Current appear trade.,Qualified,Melissa Ortiz
Ryan Dixon,2024-11-07,Truth fire cell any seven career.,Qualified,Becky Weaver
Brianna Booker,2024-11-26,Might myself fish road down market specific.,Closed - Won,Alexandra Harris
Betty Lara,2024-11-04,Health let front election order.,Proposal Sent,Becky Weaver
Daniel Brooks,2024-11-10,One environmental majority eat.,Closed - Won,Melissa Ortiz
Dennis Brown,2024-11-14,Huge eight same news kid son field.,Closed - Won,Becky Weaver
Dawn Wilson,2024-11-20,Hundred always tell actually.,Closed - Lost,Unassigned
Keith Washington,2024-11-25,House beyond son shake state leg Congress.,Contacted,Alexandra Harris
Debra Navarro,2024-11-24,Personal same two same interesting anything sea middle.,Closed - Lost,John Small
Russell Davidson,2024-11-01,With build foreign door rest.,Contacted,Becky Weaver
Timothy Peterson,2024-11-08,Believe want everyone two between.,Proposal Sent,Becky Weaver
Alexander Vasquez,2024-11-16,Whatever tell produce investment discussion education laugh since.,Qualified,Melissa Ortiz
Yvonne Flores,2024-11-26,Effort Mrs different forward explain detail prove.,Contacted,John Small
Gary Dudley,2024-11-18,Tree always black clear treatment.,Contacted,Alexandra Harris
Patricia Johnson,2024-11-18,Action pass put walk head.,New,Alexandra Harris
David Sweeney,2024-11-07,Often move concern may little focus.,Closed - Lost,John Small
Gabriella Bolton,2024-11-23,Catch soldier smile friend financial computer measure.,Closed - Lost,Becky Weaver
Janet Bell,2024-11-27,Protect beat thousand memory mind.,New,Melissa Ortiz
Jane Curtis,2024-11-22,Dream child social ok apply reason.,Proposal Sent,Becky Weaver
Dylan Davis,2024-11-30,Sometimes else really reality.,Closed - Lost,John Small
Travis Smith,2024-11-10,Step away will note become.,Qualified,Alexandra Harris
Ryan Roberts,2024-11-06,Fall environment talk rest build late.,Closed - Won,Melissa Ortiz
Melissa Smith,2024-11-08,Spring particular that woman with what.,Closed - Lost,Becky Weaver
Melissa Smith,2024-11-08,Spring particular that woman with what.,Closed - Lost,John Small
Doris Jensen,2024-11-17,Live study sort their especially according series former.,Contacted,Becky Weaver
Amber Farmer DDS,2024-11-01,Research pretty go baby feel.,New,Melissa Ortiz
Larry Phillips,2024-11-22,Provide rock staff many.,Qualified,John Small
Michael Martinez,2024-11-11,Power company defense.,Qualified,Alexandra Harris
Kristine Mccormick,2024-11-19,Single condition mouth check.,New,John Small
Briana Terry,2024-11-22,Purpose exist media blood produce shake.,New,Becky Weaver
Briana Terry,2024-11-30,Run television tonight line throw student.,Closed - Lost,Becky Weaver
Cynthia Davis,2024-11-30,Work floor community dinner may enough apply.,Proposal Sent,Becky Weaver
Maria Waters,2024-11-24,Sound hundred public thing seem from.,Proposal Sent,Unassigned
Joshua Davis,2024-11-10,Lawyer again others.,Closed - Won,John Small
Valerie Torres,2024-11-15,Must dream fly begin trip hold.,Proposal Sent,Alexandra Harris
Debra Smith,2024-11-18,Poor would environment whose so open later.,Closed - Lost,John Small
Tracy Gamble,2024-11-13,Want figure suffer argue nature.,Closed - Won,Becky Weaver
Jason Collins,2024-11-16,Lay miss computer here.,Closed - Lost,Melissa Ortiz
Betty Lara,2024-11-05,Say ask than base.,Closed - Won,Becky Weaver
Samantha Johnson,2024-11-20,Likely list make quality animal region miss.,Proposal Sent,Becky Weaver
Brenda Collins,2024-11-01,Individual let leave speak himself.,Closed - Won,Melissa Ortiz
Duane Jackson,2024-11-23,Would enough which all line still woman.,Closed - Lost,Melissa Ortiz
Ashley Hebert,2024-11-02,Theory read south everyone.,Proposal Sent,Becky Weaver
Andre Rodriguez,2024-11-08,Head service middle today.,Closed - Won,John Small
Taylor Nolan,2024-11-03,Our different necessary.,Closed - Lost,Becky Weaver
Denise Marshall,2024-11-29,Cause plant condition quality during.,Contacted,Melissa Ortiz
John Faulkner,2024-11-29,Evidence product toward lay generation across left attorney.,New,Alexandra Harris
Dr. Mary Murray,2024-11-04,Newspaper degree feel crime.,Closed - Lost,Alexandra Harris
Karen Garcia,2024-11-08,Decade according new heart difference charge however.,Closed - Won,Alexandra Harris
Carrie Martinez,2024-11-24,Win Democrat cause way I part let.,Qualified,Becky Weaver
Brenda Vega,2024-11-29,Her yourself source window.,Closed - Lost,John Small
Steven Reid,2024-11-13,Education attention throw movement.,Closed - Lost,John Small
Robert Alexander,2024-11-09,Maintain very military book child another million.,Closed - Won,Alexandra Harris
Sarah Mullen,2024-11-11,Smile economic its behind prepare.,Proposal Sent,Melissa Ortiz
Tanya Heath,2024-11-27,Structure relationship authority of go thought think.,Proposal Sent,Melissa Ortiz
Thomas White,2024-11-22,Contain value others there describe reality or main.,New,John Small
Dylan Gomez,2024-11-06,Many scientist woman short.,Closed - Lost,Alexandra Harris
Marcus Bryan,2024-11-29,Choice make over decision.,Contacted,Alexandra Harris
Latoya Cooper,2024-11-03,Structure travel firm including area certain bar.,Qualified,Unassigned
Stacy Johnson,2024-11-14,She region call great this.,Proposal Sent,Unassigned
James Estes,2024-11-13,Benefit say certainly worry security about.,Contacted,John Small
Melinda Soto,2024-11-30,Choose form us able key explain.,New,Melissa Ortiz
Sean Gordon,2024-11-02,Region involve institution toward peace close most.,Proposal Sent,Unassigned
Daniel Moss,2024-11-12,Common sign issue push.,Closed - Lost,Melissa Ortiz
Cody Cunningham,2024-11-02,Amount determine the player medical.,Closed - Lost,Unassigned
Levi Weaver,2024-11-12,Manage staff check direction any wrong eat.,Proposal Sent,Becky Weaver
Vincent Robinson,2024-11-22,Hear voice to month statement year.,Contacted,Unassigned
Marcia Kline,2024-11-12,Marriage reason study.,Proposal Sent,Unassigned
Christopher Robinson,2024-11-02,Analysis government wind news single usually.,New,Melissa Ortiz
Ms. Paula Dudley,2024-11-05,Pattern well professional then son camera.,New,John Small
Jeffrey Smith,2024-11-17,We police well present speech.,Qualified,John Small
Daniel Moss,2024-11-26,Other learn painting budget.,Proposal Sent,Melissa Ortiz
Jessica Stanton,2024-11-24,Between idea notice subject avoid health.,Proposal Sent,Melissa Ortiz
Mark Campos,2024-11-04,Recently minute account professional wait.,Closed - Won,John Small
Audrey Ramos,2024-11-29,Decision smile strong huge.,Closed - Won,Melissa Ortiz
Sierra Johnson,2024-11-30,Attention way section group strong.,Proposal Sent,Melissa Ortiz
Matthew Welch,2024-11-28,Us player trip some heart reflect.,Contacted,Melissa Ortiz
Diane Castillo,2024-11-26,Sound thing large outside must.,New,John Small
Chad Neal,2024-11-24,Drug job goal book who.,Contacted,John Small
Lori Lester,2024-11-06,Probably include hard environment front car return.,Closed - Won,Becky Weaver
Christine Weber,2024-11-18,Everything church million perhaps arm board.,New,Melissa Ortiz
Mrs. Patricia Dyer,2024-11-16,Feeling source leave key clear.,Closed - Won,Melissa Ortiz
Sarah Turner,2024-11-25,Increase population six.,Contacted,Alexandra Harris
Rebecca Larson,2024-11-04,Stuff support look party owner talk present picture.,Proposal Sent,Melissa Ortiz
Kellie Murphy,2024-11-08,Send total hard friend.,Contacted,Melissa Ortiz
Laura Gill,2024-11-13,Follow off budget old.,Proposal Sent,Becky Weaver
Gabriella Briggs,2024-11-05,Civil speak his even energy answer.,Closed - Won,Alexandra Harris
Donna Freeman,2024-11-25,Sign decide result third me response turn identify.,Qualified,Melissa Ortiz
Brandon Johnson,2024-11-13,Her wait reach election.,Contacted,Becky Weaver
Evan Wilkins,2024-11-06,Level board draw.,New,Unassigned
Ryan Vasquez,2024-11-29,Consider notice education from.,Qualified,John Small
Brittany Brown,2024-11-26,Reveal long top out affect watch.,Closed - Lost,John Small
Jessica Stanton,2024-11-14,Pick race street sound while.,Qualified,Melissa Ortiz
Debra Griffin DDS,2024-11-30,Break operation food.,Contacted,John Small
Kim Downs,2024-11-18,Black degree hold claim win.,Contacted,John Small
Scott Lindsey,2024-11-11,Work include expect culture kind cost provide cold.,Closed - Won,John Small
William Gordon,2024-11-28,Surface each teach attack training rest movement.,Qualified,Melissa Ortiz
William Ingram,2024-11-03,White identify while ahead.,New,Becky Weaver
Yvonne Ellis,2024-11-27,Pass side Democrat must firm visit.,Contacted,Becky Weaver
Melinda Vasquez,2024-11-14,Popular impact program imagine skill look.,Proposal Sent,John Small
Katrina Shepherd,2024-11-04,Whatever behind enough story PM significant large moment.,Closed - Lost,Melissa Ortiz
Kevin Moore,2024-11-08,Stop radio father.,Closed - Won,John Small
Aaron Barnett,2024-11-26,Call son system.,Proposal Sent,Melissa Ortiz
Brent Brown,2024-11-05,Summer indeed hospital project fight theory.,New,Becky Weaver
Heidi White,2024-11-26,Enough force west here.,Closed - Lost,Alexandra Harris
Elizabeth Lam,2024-11-15,Summer cause later development mission hot response.,Qualified,Melissa Ortiz
Paula Cunningham,2024-11-25,Magazine fast man this itself.,New,Becky Weaver
Austin Terrell,2024-11-05,Police itself power pattern heart improve.,Proposal Sent,Becky Weaver
Taylor Harrell,2024-11-14,Lawyer base month painting doctor future across.,Contacted,Unassigned
Tamara Jenkins,2024-11-01,Young want poor relate strong accept end.,Qualified,Alexandra Harris
April Golden,2024-11-22,Peace use beat few level economy.,Proposal Sent,Becky Weaver
Samantha Duncan,2024-11-08,Resource consumer experience politics next.,Closed - Won,Melissa Ortiz
Linda Vazquez,2024-11-26,Ready method whom.,Contacted,John Small
Mrs. Patricia Dyer,2024-11-20,Focus radio office authority just.,Qualified,Melissa Ortiz
Jason Reese,2024-11-19,Exist remain these second job.,Qualified,Unassigned
Jodi Moore,2024-11-05,Television short speech bring begin talk attorney movement.,Closed - Won,Melissa Ortiz
Jaime Cox,2024-11-16,Peace student plant today election make.,Closed - Won,John Small
Kelli Davis,2024-11-06,Father blue leader too film never.,Proposal Sent,John Small
Mrs. Kristen Thompson,2024-11-30,Appear so position.,Closed - Won,Becky Weaver
Jennifer Ortega,2024-11-10,Speak end necessary fund picture keep husband edge.,Closed - Won,John Small
David Reid,2024-11-24,Point anything discuss consumer man move.,New,John Small
Thomas White,2024-11-15,Pass attention level occur ten artist.,Closed - Lost,John Small
April Golden,2024-11-19,Pm without put important use.,Proposal Sent,Becky Weaver
Kelsey Anderson,2024-11-01,Industry why exist black four.,New,John Small
Phyllis Reyes,2024-11-07,Stand tax before worry issue.,Qualified,John Small
Daniel Brooks,2024-11-14,Camera cultural race mother process hit project.,Closed - Won,Melissa Ortiz
David Chavez,2024-11-28,Time budget into action partner.,Contacted,Becky Weaver
Mr. Chad Estrada,2024-11-15,Real these compare choose financial.,Contacted,Melissa Ortiz
Barbara Taylor,2024-11-20,Candidate image truth hit.,Proposal Sent,Becky Weaver
Barbara Taylor,2024-11-20,Candidate image truth hit.,Proposal Sent,John Small
Jason Farmer,2024-11-02,Phone sign probably public while test require hold.,Proposal Sent,Becky Weaver
Victoria James,2024-11-13,Our yes heavy mention whatever project majority.,New,Alexandra Harris
Michael Bryant,2024-11-09,Miss government beyond show floor oil clearly wait.,Closed - Lost,Becky Weaver
Sarah Mullen,2024-11-01,Include spend second upon some draw.,Qualified,Melissa Ortiz
Cristina Franklin,2024-11-30,Economic site spring skill.,Closed - Won,John Small
Jeremy Hunter,2024-11-12,Coach cultural too.,Closed - Won,Melissa Ortiz
Andre Hines,2024-11-09,Shoulder others any bad.,Closed - Lost,John Small
Evan Lee,2024-11-27,Training at many western year fine boy doctor.,Contacted,Melissa Ortiz
Evan Wilkins,2024-11-06,Child everyone trade according.,Proposal Sent,Unassigned
Patrick Jones,2024-11-13,Wonder the build describe break.,Qualified,Melissa Ortiz
Patrick Jones,2024-11-13,Wonder the build describe break.,Qualified,Melissa Ortiz
Michael Boyle,2024-11-02,South forward mention environment box other.,Contacted,Melissa Ortiz
James Cortez,2024-11-12,Born region white politics.,Closed - Lost,Melissa Ortiz
Christy Greene,2024-11-29,White help yet remember your woman reality very.,Contacted,Unassigned
Kenneth Henderson,2024-11-21,Six industry return.,Contacted,Melissa Ortiz
Jason Harrison,2024-11-01,Already sort usually friend item particular.,New,Melissa Ortiz
Julie Williams,2024-11-22,Technology shoulder choose push former six go.,New,Melissa Ortiz
Stephen Williams,2024-11-02,Point think far occur down choose rather.,Qualified,Becky Weaver
Mrs. Tiffany Johnson,2024-11-30,Drug Mr indeed seven truth.,Qualified,John Small
Anthony Holmes,2024-11-27,Smile certain physical analysis.,New,John Small
Mr. Bryan Crawford,2024-11-20,Class computer state how ground company pay.,Contacted,John Small
Gregory Dominguez,2024-11-13,Level paper already myself raise Congress or.,Closed - Won,John Small
David Roberts,2024-11-09,Her meeting take court his whom.,Contacted,John Small
Chad Perry,2024-11-30,Factor because agree agree.,New,Alexandra Harris
Jacob Elliott,2024-11-02,Born stock remember necessary.,New,Melissa Ortiz
Kyle King,2024-11-04,Throw shake put second late.,Proposal Sent,Melissa Ortiz
Lisa Mcdonald,2024-11-18,Live kind you.,Contacted,Unassigned
Michael Perez,2024-11-20,Effort understand reach open mean health capital.,Qualified,Alexandra Harris
Benjamin Hall,2024-11-28,Fill standard writer three.,Closed - Lost,Becky Weaver
Jennifer Gomez,2024-11-18,Floor before myself line do.,New,Becky Weaver
Jason Harrison,2024-11-13,Drive science range black away brother.,New,Melissa Ortiz
Joshua Davis,2024-11-11,Land left real benefit physical.,New,John Small
Paula Miller,2024-11-22,Ground example sit theory store.,Qualified,Melissa Ortiz
Caleb Simon,2024-11-30,South nature indeed share view reduce box note.,Closed - Lost,John Small
Lisa Curtis,2024-11-01,The difficult mission author heart economy traditional.,Contacted,John Small
Terry Jones,2024-11-03,Environmental herself strong strong effect partner.,Closed - Lost,Alexandra Harris
Brandon Mccullough,2024-11-19,Whole nature late process machine religious.,Closed - Won,Melissa Ortiz
Kimberly Robinson,2024-11-30,Seek point support prepare knowledge experience put.,Closed - Won,Unassigned
Michelle Kelly,2024-11-24,No wear set girl authority out continue.,Closed - Won,Melissa Ortiz
Virginia Brown,2024-11-22,Old though surface enough.,Closed - Lost,Becky Weaver
Jessica Franklin,2024-11-25,Join memory room eight movie magazine door.,Qualified,Melissa Ortiz
Valerie Esparza,2024-11-21,Itself Democrat attorney doctor later section audience.,Closed - Won,Melissa Ortiz
Randy Brown,2024-11-14,Amount provide else federal reason.,Qualified,John Small
Amy Gibson,2024-11-30,Analysis chance travel treat even enter evening.,Contacted,Melissa Ortiz
Sandra Evans,2024-11-03,Last all child agree section.,Proposal Sent,Becky Weaver
Anthony Rodriguez,2024-11-28,Site writer administration way away list.,Qualified,Melissa Ortiz
Joseph Page,2024-11-15,Me later green foot choice behavior sort.,New,John Small
Paige Shields,2024-11-09,Box son arm listen air.,Closed - Lost,Melissa Ortiz
Sandra Bush,2024-11-17,Community happen these indicate rate Congress them.,Qualified,Unassigned
Charles Lane,2024-11-23,Sometimes campaign old together prepare large heavy.,Closed - Lost,Becky Weaver
Adam Chang,2024-11-10,Significant city growth service size image physical.,Qualified,Becky Weaver
Nancy Simpson,2024-11-08,Discussion myself machine already more really simply.,New,John Small
Michele Mcdowell MD,2024-11-11,Message think reality.,Proposal Sent,John Small
Michael Miller,2024-11-11,Job those find remain she.,Contacted,Melissa Ortiz
Katrina Shepherd,2024-11-04,Cold put word.,New,Melissa Ortiz
Mark Graves,2024-11-05,Scientist head speak guess at almost.,Closed - Lost,John Small
Jessica Brooks,2024-11-19,Official discussion possible as discussion.,Proposal Sent,Becky Weaver
Patricia Vance,2024-11-15,Nothing unit identify peace way.,Closed - Won,Melissa Ortiz
Stephanie Gibson,2024-11-29,Policy discussion way do.,New,Alexandra Harris
Jeffrey Turner,2024-11-20,Worry on window coach cut indeed wear.,Contacted,Melissa Ortiz
Andrew West,2024-11-17,Rest exist discussion same.,Qualified,Melissa Ortiz
Kelli Davis,2024-11-14,Common live fly thousand.,Qualified,John Small
Mrs. Briana Thornton DVM,2024-11-22,Despite network little necessary very down.,Closed - Won,John Small
William Scott,2024-11-06,Common cut animal end.,Contacted,Alexandra Harris
Steve Armstrong,2024-11-16,Even employee option serve arm leg force.,Contacted,John Small
Bryan Brown,2024-11-17,Prevent computer conference rock blood city information sell.,Closed - Lost,John Small
Michael Lewis,2024-11-10,Important lead side.,Proposal Sent,Becky Weaver
Kristine Mccormick,2024-11-20,Piece friend prove language series sign health.,Closed - Won,John Small
Robin Franco,2024-11-16,Claim theory eight debate some doctor firm.,Qualified,Melissa Ortiz
Kristen Martin,2024-11-13,When area quality actually also standard nation.,New,John Small
Christine Perez,2024-11-26,Program focus message skin everyone late reflect.,Closed - Won,Melissa Ortiz
Amber Farmer DDS,2024-11-06,Her agree trouble door data.,Proposal Sent,Melissa Ortiz
Vincent Robinson,2024-11-29,Capital teach a relate strong small book.,New,Unassigned
Adrienne Carter,2024-11-17,Turn use hotel away above station my.,Closed - Won,Becky Weaver
Audrey Ramos,2024-11-08,Necessary pay nearly system.,Contacted,Melissa Ortiz
Amanda Zimmerman,2024-11-19,Six artist power prevent list.,Closed - Won,Alexandra Harris
Marcia Kline,2024-11-19,Child consumer raise child often let technology.,Qualified,Unassigned
Reginald Jones,2024-11-03,Always yet fish official world position trade.,Closed - Won,Melissa Ortiz
Mr. Scott Flores,2024-11-21,Interview commercial strong voice be brother east without.,Qualified,Becky Weaver
Mr. Peter Ball,2024-11-14,Statement article their effort size strong.,Proposal Sent,John Small
Austin Terrell,2024-11-06,Head rather worry dark force and.,Closed - Lost,Becky Weaver
Mrs. Julie Rangel,2024-11-29,Support various sure life once.,Qualified,Melissa Ortiz
Mr. Scott Flores,2024-11-10,Surface national only medical.,Closed - Lost,Becky Weaver
Robert Mann,2024-11-02,On drop but seem send she.,New,Unassigned
Christopher Anthony,2024-11-28,Feeling foot senior energy.,Qualified,John Small
Jennifer Brooks,2024-11-04,Both enough something attorney dark test sing.,Closed - Won,Melissa Ortiz
Summer Carroll,2024-11-09,Series reason something himself way represent.,Qualified,Becky Weaver
David Chavez,2024-11-18,During professional ready majority.,Qualified,Becky Weaver
Nicole Dawson,2024-11-17,Whatever allow notice effect training smile.,Qualified,Alexandra Harris
Travis Hinton,2024-11-23,Everything Congress another system again check.,Proposal Sent,Unassigned
Caleb Ramos,2024-11-19,Computer end country painting Democrat be ok.,Contacted,John Small
Michael Miller,2024-11-01,Condition level operation.,New,Melissa Ortiz
Debra Griffin DDS,2024-11-28,School in month space white yard performance reality.,Closed - Won,John Small
Belinda Wilson,2024-11-20,Thank she mind.,Proposal Sent,Becky Weaver
Alexandra Chang,2024-11-12,Yourself despite operation subject letter back explain.,Closed - Lost,Melissa Ortiz
Tracy Massey,2024-11-18,Into truth learn later.,Qualified,Melissa Ortiz
Danielle Shaffer,2024-11-21,Consider concern song.,New,Melissa Ortiz
Casey Harris,2024-11-15,Beautiful adult manage simply.,Contacted,Unassigned
Victoria Diaz,2024-11-25,Range effect create region program wall military.,Proposal Sent,Melissa Ortiz
Danielle Watson,2024-11-08,Great learn expect information audience.,Proposal Sent,Melissa Ortiz
Kimberly Robinson,2024-11-14,Day rest center west.,Qualified,Unassigned
Sandra Evans,2024-11-02,Baby report air space financial player.,Contacted,Becky Weaver
Heather Chandler,2024-11-14,Together anything detail other.,New,Melissa Ortiz
Kimberly Rice,2024-11-02,Ask sell third against full.,New,John Small
Mr. Ryan Cisneros,2024-11-13,With stand environment character occur couple.,Contacted,Melissa Ortiz
Alexander Vasquez,2024-11-16,Parent occur whatever phone world notice.,Closed - Won,Melissa Ortiz
Christine White,2024-11-11,Data worry beyond friend business thank.,New,John Small
Linda Daniel,2024-11-29,Mention live animal effort trade world address.,New,Becky Weaver
Anna Cox,2024-11-11,Usually main market hard challenge.,Contacted,Melissa Ortiz
Russell Davidson,2024-11-06,Side material figure discuss memory board.,Closed - Lost,Becky Weaver
Evan Lee,2024-11-23,Wait though remember cultural research social rest.,New,Melissa Ortiz
Daniel Wright,2024-11-22,Above smile establish low member move under.,New,Becky Weaver
Corey Nash,2024-11-10,Food nothing worker two agent particular I.,Contacted,Becky Weaver
Mary Sampson,2024-11-26,Last know off treat black far.,Proposal Sent,Melissa Ortiz
Donald Patel,2024-11-23,Have loss court second exist.,Contacted,Melissa Ortiz
Gary Dudley,2024-11-29,Check leader shoulder action apply last.,Qualified,Alexandra Harris
Joshua Greene,2024-11-22,Article leader pay.,Qualified,Melissa Ortiz
Ryan Harrison,2024-11-02,Machine friend one politics likely off.,Closed - Won,Unassigned
Jesse Contreras,2024-11-09,Require hope American anyone ball.,Contacted,John Small
Dr. Elizabeth Manning,2024-11-03,Big born what hot article.,Contacted,Becky Weaver
Amy Villanueva,2024-11-29,Role dog suffer sing left yes black.,Proposal Sent,Becky Weaver
Nicole Arroyo,2024-11-23,Yeah marriage door difficult past century social.,Qualified,John Small
Victor Aguilar,2024-11-02,Among necessary turn energy.,Proposal Sent,Becky Weaver
Donna Freeman,2024-11-07,Condition born now table product close sound listen.,Closed - Won,Melissa Ortiz
Bradley Gomez,2024-11-30,Face discover actually investment hit or perhaps worker.,Closed - Won,Unassigned
Donna Hays,2024-11-07,Strategy tree learn mission class firm off individual.,Closed - Won,Melissa Ortiz
Tyler Davis,2024-11-28,Relationship idea expert.,New,Melissa Ortiz
Andrew Chavez,2024-11-21,Hard someone they pull house.,Closed - Lost,John Small
Jose Dorsey,2024-11-30,Scientist plant reason right.,Closed - Lost,Becky Weaver
Lauren Smith,2024-11-28,Eye capital eye development study floor.,Proposal Sent,Melissa Ortiz
Regina Oliver,2024-11-19,Beautiful investment in brother network.,Proposal Sent,Becky Weaver
Brandon Johnson,2024-11-01,Pressure success score mind operation mind country.,Closed - Won,Becky Weaver
George Charles,2024-11-11,Couple trip human start relationship.,Closed - Lost,Becky Weaver
Charles Eaton,2024-11-01,Newspaper down real late yes.,Closed - Lost,John Small
Derrick Stone,2024-11-20,Good standard million little race next.,Contacted,Becky Weaver
Sean Gordon,2024-11-10,End article husband order.,New,Unassigned
Ashley Wells,2024-11-04,Key wonder least red.,Closed - Won,John Small
Michael Robinson,2024-11-05,Continue key skill security.,Proposal Sent,Becky Weaver
Patrick Perez,2024-11-01,Box pay run.,Proposal Sent,Alexandra Harris
Michael Kelly,2024-11-08,Pay result seem total.,New,John Small
Audrey Ramos,2024-11-14,Occur anyone focus blood account.,Contacted,Melissa Ortiz
Anita Dougherty,2024-11-26,Remain cost late wife similar.,Contacted,Unassigned
Christine Perez,2024-11-27,Participant send race until level.,New,Melissa Ortiz
Anthony Holmes,2024-11-14,Must a yes can trip.,Contacted,John Small
Alicia Ray,2024-11-26,Five whether resource term two far.,Closed - Won,Unassigned
Guy Little,2024-11-04,Hope necessary bring.,Closed - Won,Unassigned
Elizabeth King,2024-11-04,Make prepare democratic democratic.,Proposal Sent,Melissa Ortiz
Tiffany Cook,2024-11-04,Box challenge parent fight.,Contacted,Alexandra Harris
Linda Jones,2024-11-24,Successful improve between could several.,New,John Small
Margaret White,2024-11-19,Box believe loss bag bad.,New,Melissa Ortiz
Alexandra Chang,2024-11-01,Compare student team want.,Qualified,Melissa Ortiz
Edwin Knight,2024-11-13,Many recent game financial.,Closed - Won,Melissa Ortiz
Abigail Chapman,2024-11-12,According wait try notice how.,Qualified,Becky Weaver
Taylor Buck,2024-11-01,In get listen perhaps single.,Closed - Won,Alexandra Harris
Amanda Brown,2024-11-18,Only media police exist blood doctor.,Contacted,Unassigned
Ryan Dixon,2024-11-17,Matter help open.,New,Becky Weaver
Christopher Austin,2024-11-07,Today onto close minute alone week.,Qualified,Melissa Ortiz
Catherine Madden,2024-11-16,Yard bar paper drug put effect sister.,Qualified,Alexandra Harris
Cynthia King,2024-11-29,Key investment garden hot develop poor set.,Contacted,Becky Weaver
Elizabeth Colon,2024-11-10,Describe realize work go.,Closed - Won,John Small
Robin Franco,2024-11-18,Institution order suffer mission involve.,New,Melissa Ortiz
Wendy Murray,2024-11-26,Rest tonight for feel early so value.,Qualified,John Small
Angela Barker,2024-11-02,Begin garden idea.,New,Becky Weaver
Dr. Rachel Peters,2024-11-18,Page continue to support from modern enough.,New,Melissa Ortiz
Alicia Burgess,2024-11-02,Expert fight whole customer practice.,Contacted,Becky Weaver
Ms. Jennifer Griffin,2024-11-14,Professor difference realize summer because away management.,New,Becky Weaver
Anthony Campbell,2024-11-18,Something support strong figure bed.,Closed - Lost,John Small
Madeline Hays,2024-11-27,Trade involve instead star institution edge become.,New,John Small
Robert Smith,2024-11-20,Nature yeah television sound.,Contacted,Alexandra Harris
Patrick Ward,2024-11-08,Wear alone within career.,Contacted,John Small
Brandon Mcdaniel,2024-11-29,Strong four tell year.,Closed - Won,Melissa Ortiz
Christina Riley,2024-11-04,Agree very past whether spring meet present.,Qualified,Becky Weaver
Thomas Bailey,2024-11-12,Benefit you kitchen threat ability.,Contacted,John Small
Mark Campos,2024-11-29,Week author drive position maybe collection.,Closed - Lost,John Small
Matthew Simmons,2024-11-07,She price wife around work.,Contacted,Alexandra Harris
Stephen Krause,2024-11-23,Matter play air cold arm.,Closed - Won,Becky Weaver
Stephanie Gibson,2024-11-02,Administration whom only surface worker good experience.,Qualified,Alexandra Harris
Erik Palmer,2024-11-30,Close thing reflect enjoy well matter.,Proposal Sent,John Small
Cynthia Lewis,2024-11-10,Huge strong safe up short special organization.,Qualified,John Small
Angela Barker,2024-11-13,Really which identify ever drop.,Contacted,Becky Weaver
Corey Nash,2024-11-21,White with pull every attack.,Closed - Lost,Becky Weaver
Roberta Bowman,2024-11-11,Range of these before sense ground dream size.,Closed - Won,Melissa Ortiz
Catherine Madden,2024-11-04,Leg challenge inside choose.,Qualified,Alexandra Harris
Tammy Hayes,2024-11-19,List serve activity eye.,Closed - Won,Melissa Ortiz
Kyle Gonzalez,2024-11-24,Fast candidate remember speak never moment kid.,Contacted,John Small
Barbara Zuniga,2024-11-29,Former kid heavy network front boy.,Proposal Sent,Melissa Ortiz
Jane Curtis,2024-11-29,Card star use music them.,Closed - Won,Becky Weaver
Michael Robinson,2024-11-01,Sister especially environmental international white notice.,Proposal Sent,Becky Weaver
Carl Harmon,2024-11-20,Republican real radio staff fine speech.,Closed - Lost,Melissa Ortiz
Robert Perkins,2024-11-30,Pick chair ago threat right them north.,Proposal Sent,Alexandra Harris
Stephanie Jordan,2024-11-12,Follow get provide south.,Proposal Sent,Becky Weaver
Mary Mclean,2024-11-21,Born best popular next want black.,Contacted,Alexandra Harris
Ashley Taylor,2024-11-20,Never debate hold name protect.,Closed - Won,Becky Weaver
Abigail Chapman,2024-11-23,Scientist mean cause.,Closed - Lost,Becky Weaver
Michael Pugh,2024-11-29,Safe natural teach fly bank.,New,Becky Weaver
Jaime Cox,2024-11-15,Somebody expert trade key want none administration.,Contacted,John Small
Carl Sheppard,2024-11-07,Hotel often create serious.,Qualified,John Small
Melissa Mason,2024-11-23,Child international meeting culture effort kind mean imagine.,Contacted,John Small
Wendy Dickerson,2024-11-30,One imagine tax wind determine particularly operation.,Closed - Lost,Alexandra Harris
Steve Armstrong,2024-11-02,Read themselves project company beat plant.,Contacted,John Small
Daniel Wright,2024-11-17,Suffer after relationship.,Qualified,Becky Weaver
Patrick Perez,2024-11-30,Letter me loss newspaper.,Contacted,Alexandra Harris
Michelle Hoffman,2024-11-23,Organization marriage now reach.,Closed - Won,Unassigned
Catherine Reynolds,2024-11-04,Party product these benefit resource.,Closed - Won,John Small
Brittany Smith,2024-11-28,Base responsibility produce most write million term doctor.,Closed - Lost,John Small
Stephen Mcdonald,2024-11-13,Able understand product whole difference ground attorney.,Closed - Won,Melissa Ortiz
Stephen Mcdonald,2024-11-13,Able understand product whole difference ground attorney.,Closed - Won,Becky Weaver
Madeline Hays,2024-11-26,Table sometimes argue site fly exactly commercial.,Contacted,John Small
Dawn Rose,2024-11-20,Or law one six.,Closed - Won,Alexandra Harris
Keith Washington,2024-11-02,Visit window color society can.,Proposal Sent,Alexandra Harris
Daisy Bailey,2024-11-10,Media should exactly every look use.,Contacted,John Small
Tony Reynolds,2024-11-19,Politics receive speech.,Closed - Won,Becky Weaver
Anthony Brown,2024-11-24,Though defense public radio.,Contacted,John Small
Anthony Brown,2024-11-24,Though defense public radio.,Contacted,Alexandra Harris
Carol Lane,2024-11-29,Seat put live during free.,Contacted,Becky Weaver
Robert Mills,2024-11-06,Listen book though remember give.,New,Alexandra Harris
Linda Vazquez,2024-11-06,Seat create vote stage Republican step product politics.,Closed - Lost,John Small
Kevin Taylor,2024-11-28,Agent attention store.,New,Becky Weaver
Lisa Mcdonald,2024-11-02,End industry reduce morning home.,Proposal Sent,Unassigned
Luke Moore,2024-11-08,Important many arrive around.,Contacted,Melissa Ortiz
Erik Palmer,2024-11-10,Significant ability dark once medical.,Closed - Lost,John Small
Danny Taylor,2024-11-16,Modern of man finish information song kid.,New,Becky Weaver
Anthony Fox,2024-11-28,Almost financial language improve support.,Closed - Lost,Becky Weaver
Nicole Arroyo,2024-11-05,Past adult take business situation only.,Closed - Lost,John Small
William Ingram,2024-11-18,Quickly ground kind space.,Qualified,Becky Weaver
Chris Watts,2024-11-03,Market per hear suddenly audience including.,Proposal Sent,Melissa Ortiz
Anna Cox,2024-11-18,Source what woman customer show.,Closed - Won,Melissa Ortiz
Susan Ellis,2024-11-23,Impact himself play power whether then.,New,John Small
Joseph Myers,2024-11-29,Right forward say join feeling American.,Proposal Sent,Melissa Ortiz
Yvette Myers,2024-11-30,Entire player store.,Proposal Sent,Melissa Ortiz
Katherine Carlson,2024-11-09,Law author mouth keep game.,Contacted,Unassigned
Andrea Robinson MD,2024-11-07,Name throw scientist ten set shake population same.,Closed - Won,Alexandra Harris
Taylor Harrell,2024-11-05,Early sense game face relate control could.,Qualified,Unassigned
Adrienne Carter,2024-11-27,Bag sister front member together.,New,Becky Weaver
Sierra Johnson,2024-11-17,Stay she free agree example.,Contacted,Melissa Ortiz
Stacey Costa,2024-11-19,Woman everyone continue everybody.,Contacted,Melissa Ortiz
Jonathan Casey,2024-11-05,Own new she personal son let four system.,Qualified,Unassigned
Jamie Diaz,2024-11-06,Series call consumer manage huge plant body either.,Qualified,John Small
Christopher Anthony,2024-11-16,Piece carry range but.,Proposal Sent,John Small
Larry Martinez,2024-11-25,Vote century read including kind PM.,Closed - Lost,Melissa Ortiz
Derrick Stone,2024-11-28,Truth people real.,Proposal Sent,Becky Weaver
Travis Smith,2024-11-25,Two think water as entire.,Proposal Sent,Alexandra Harris
Michael Jenkins,2024-11-10,Avoid ten already contain thus mention.,Closed - Won,John Small
Brian Mack,2024-11-23,Because necessary another.,New,John Small
Daisy Bailey,2024-11-22,Music development thus doctor stand east away nor.,Closed - Won,John Small
Daniel Miranda,2024-11-13,Through according might cell store special method.,Contacted,Melissa Ortiz
Tina Campos,2024-11-16,Many suggest miss amount generation school.,Closed - Lost,Becky Weaver
Jonathan Miller,2024-11-20,Treatment high chance attorney statement military serve hundred.,Contacted,Melissa Ortiz
John Gibson,2024-11-20,Government per billion shake these first rise.,New,Melissa Ortiz
David Sweeney,2024-11-08,None great red about.,Qualified,John Small
Jason King,2024-11-24,Believe reduce section but.,Closed - Lost,Alexandra Harris
Scott Lindsey,2024-11-20,Before body case relationship expert.,Contacted,John Small
Nichole Rodriguez,2024-11-07,Card daughter time public modern.,New,Becky Weaver
Madeline Hays,2024-11-16,Important various project tonight phone direction fill too.,Qualified,John Small
Wyatt Black MD,2024-11-11,Employee white camera mind.,Proposal Sent,Alexandra Harris
Julie Simon,2024-11-29,Born news few individual reduce work exist.,Qualified,Becky Weaver
Marcus Bryan,2024-11-21,Industry yourself girl box hair.,New,Alexandra Harris
Lauren Brown PhD,2024-11-25,As born without lawyer effect shake.,Qualified,Becky Weaver
Jonathan Ryan,2024-11-12,Color defense dog garden offer than white spend.,Proposal Sent,Alexandra Harris
Bryan Patrick,2024-11-24,Much town me enter.,Closed - Won,Unassigned
Mr. Peter Arnold,2024-11-23,Door nature author forget always partner newspaper culture.,Contacted,John Small
Spencer Harrison,2024-11-11,Task continue result they another class hold hot.,Contacted,Becky Weaver
Susan Tyler,2024-11-10,Part federal others one knowledge cultural.,Proposal Sent,Alexandra Harris
Drew Baird,2024-11-07,Never protect watch pressure participant.,Contacted,Unassigned
Daisy Bailey,2024-11-29,Or half really different action oil last.,New,John Small
Ann Mcmillan,2024-11-11,Reduce account fast tough explain tree.,Contacted,John Small
Krystal Brady,2024-11-16,Voice base do child approach.,Contacted,Unassigned
Marcus Bryan,2024-11-12,I dog though cut scientist kitchen.,Closed - Lost,Alexandra Harris
Michael Bryant,2024-11-17,Sister never collection travel top various.,Closed - Lost,Becky Weaver
Sarah Johnson,2024-11-18,South improve pressure north finish home.,Contacted,Melissa Ortiz
Albert Roberts,2024-11-25,Including lead send performance chair another.,Contacted,Becky Weaver
Alexandra Madden,2024-11-14,Yet word head physical quality.,Qualified,John Small
Monica Cross,2024-11-09,Should hour nice fire room continue.,Closed - Lost,John Small
Amy Villanueva,2024-11-14,Become consider huge.,Qualified,Becky Weaver
Samuel Hawkins,2024-11-26,Sit yeah southern.,Qualified,Unassigned
Sophia Baldwin,2024-11-11,Too most soldier sometimes act.,Qualified,Alexandra Harris
James Estes,2024-11-28,Compare fall three general speech when today.,New,John Small
Jonathan Casey,2024-11-28,About several author practice wind factor.,Closed - Lost,Unassigned
Amber Young,2024-11-27,All sense church safe reduce.,New,Unassigned
Jason Hernandez,2024-11-18,Like position building democratic computer young.,Closed - Lost,Alexandra Harris
Joseph Perez,2024-11-18,Turn feeling lawyer line phone start base enjoy.,Proposal Sent,Melissa Ortiz
Michael Cook,2024-11-23,Hour suggest miss claim east smile defense.,New,Alexandra Harris
John Levine,2024-11-25,Food design change federal yes suddenly song.,Closed - Won,Melissa Ortiz
William Day,2024-11-06,Deal federal five know father behavior.,New,Melissa Ortiz
Jimmy Holland,2024-11-10,Industry dark result somebody major crime.,Contacted,John Small
Dennis Brown,2024-11-04,Level expert professional low power.,New,Becky Weaver
Catherine Madden,2024-11-22,Step always power another.,Closed - Lost,Alexandra Harris
Dr. Rachel Peters,2024-11-21,Feeling maybe letter administration.,Closed - Lost,Melissa Ortiz
Mr. Peter Ball,2024-11-27,Box window ground total talk professor.,Closed - Lost,John Small
Heidi White,2024-11-26,Term meet five surface throw.,Closed - Lost,Alexandra Harris
Adam Herman,2024-11-20,Drive return one whom approach.,Closed - Won,Alexandra Harris
John Wilcox,2024-11-09,Detail scene result sell purpose.,New,Melissa Ortiz
Kim Hill,2024-11-30,Produce dog more white.,Closed - Won,John Small
Stephanie Mitchell,2024-11-11,Job watch by garden.,Proposal Sent,Becky Weaver
Joyce Mayo,2024-11-10,Answer budget hope pattern whatever star task.,New,John Small
Mrs. Ann Oconnor,2024-11-21,Media seek those cultural customer method bag.,Proposal Sent,Alexandra Harris
Alicia Lin,2024-11-25,Still stay require bit when one.,Closed - Lost,Becky Weaver
Maria Huff,2024-11-29,Trade home according across task.,Closed - Won,Unassigned
Kevin Martinez,2024-11-08,War number generation sing officer owner.,Proposal Sent,Becky Weaver
Claire Buckley,2024-11-26,Value like expert character.,Closed - Lost,Becky Weaver
Donna Freeman,2024-11-24,Social law research.,Closed - Lost,Melissa Ortiz
Rebekah Phillips,2024-11-23,Agent husband remember nature discuss chance use.,Proposal Sent,Unassigned
Michael Hamilton,2024-11-19,Notice ever form down.,Proposal Sent,Melissa Ortiz
Linda Daniel,2024-11-14,Behavior interview first only soldier collection recent task.,Qualified,Becky Weaver
William Ingram,2024-11-25,Lot both pass heavy however expert.,Closed - Won,Becky Weaver
David Roberts,2024-11-03,Place happy rest baby short operation large none.,Contacted,John Small
Christopher Austin,2024-11-29,Whose the top yard.,New,Melissa Ortiz
Arthur Andersen,2024-11-18,Same general someone such research simply main against.,Proposal Sent,John Small
Adam Herman,2024-11-02,Score job past out cup.,Closed - Lost,Alexandra Harris
Jennifer Maddox,2024-11-06,Laugh game study guy event assume.,Closed - Lost,John Small
Holly Liu,2024-11-11,Indicate official notice various claim behavior sea us.,Closed - Won,Melissa Ortiz
Holly Liu,2024-11-01,Mouth capital best pretty.,Contacted,Melissa Ortiz
Keith Washington,2024-11-13,Sit skill quality possible.,Closed - Lost,Alexandra Harris
Gerald Zamora,2024-11-23,Plant five force not set appear else get.,Proposal Sent,John Small
Maria Price,2024-11-28,Personal imagine already most approach this responsibility.,Qualified,John Small
Ryan King,2024-11-22,Cold talk two among.,Closed - Won,John Small
Melinda Brady,2024-11-05,Dream article look others billion.,Contacted,John Small
Jennifer Davidson,2024-11-28,Time she civil cause.,Qualified,John Small
Kristopher Allen,2024-11-08,Show best true your.,Contacted,Alexandra Harris
Daniel Brooks,2024-11-07,Player be rock.,Qualified,Melissa Ortiz
Matthew Stewart,2024-11-01,Physical science source actually Mrs.,Proposal Sent,John Small
Kyle King,2024-11-13,Evidence country our ask value.,New,Melissa Ortiz
Amy White,2024-11-10,Federal level tough present as.,Closed - Won,Becky Weaver
Amy Brown,2024-11-28,Environmental fine line everyone.,Closed - Won,John Small
Mr. Ryan Cisneros,2024-11-30,Field full pick season.,New,Melissa Ortiz
Jim Murphy,2024-11-04,Yeah bring south cold cut example note.,Proposal Sent,John Small
Brent Brown,2024-11-25,Blood itself dark center.,Closed - Won,Becky Weaver
Robert Smith,2024-11-01,More ok interest contain article.,Contacted,Alexandra Harris
Tara Reynolds,2024-11-23,Herself individual visit.,Closed - Lost,Becky Weaver
Melanie Woodward,2024-11-21,Company five through fight add everyone easy race.,Proposal Sent,Alexandra Harris
Christina Riley,2024-11-22,System course hour particular always street.,Contacted,Becky Weaver
Mrs. Tiffany Johnson,2024-11-01,Quite recognize marriage couple painting remain.,New,John Small
Tracy Gamble,2024-11-18,Report indeed alone car sort situation.,New,Becky Weaver
Jessica Brooks,2024-11-26,Sure she window though ability public.,Closed - Lost,Becky Weaver
Robin Franco,2024-11-09,Course piece perform high line.,Proposal Sent,Melissa Ortiz
Travis Walsh,2024-11-20,They off enter push top course.,Proposal Sent,John Small
Mr. Allen Kim MD,2024-11-14,Service seem hundred south dark candidate.,Closed - Lost,Becky Weaver
Summer Carroll,2024-11-17,Age meeting partner again many make.,Closed - Lost,Becky Weaver
Brandon Grant,2024-11-07,Number five song rule son manage focus.,Contacted,Unassigned
Victoria James,2024-11-07,Quickly usually girl history some land.,Qualified,Alexandra Harris
Amy Carson,2024-11-24,Smile call director sell continue put pick.,Qualified,Becky Weaver
Samantha Duncan,2024-11-19,Site friend might far.,Qualified,Melissa Ortiz
Matthew Simmons,2024-11-17,Tonight many degree direction arm trouble.,Closed - Lost,Alexandra Harris
David Beard,2024-11-04,Impact leader follow into company recent future arm.,Closed - Lost,Becky Weaver
Jordan Hughes,2024-11-18,No whom black current organization great myself per.,Closed - Won,Becky Weaver
Robert Perez,2024-11-17,Course do authority enjoy morning team.,Qualified,Unassigned
Dr. Elizabeth Manning,2024-11-11,Most form over mind interview voice.,Closed - Won,Becky Weaver
Mary Sanders,2024-11-19,Four sit all hot speak future.,Closed - Won,Melissa Ortiz
Ms. Erin Thompson MD,2024-11-19,Goal to per hit.,Contacted,Melissa Ortiz
Tyler Davis,2024-11-30,Level film security forget.,Closed - Lost,Melissa Ortiz
Robin Johnson,2024-11-27,Father here great particular commercial along.,New,Melissa Ortiz
Kyle Washington,2024-11-28,Government light election ago treatment money watch.,Qualified,Unassigned
Stephanie Price,2024-11-28,If hot off very door main.,Proposal Sent,Alexandra Harris
Alicia Ray,2024-11-01,Begin rate everything impact hundred leader.,Closed - Won,Unassigned
Patricia Willis,2024-11-21,Challenge his mouth mission choice door control.,Contacted,Unassigned
Mrs. Kristin Miller,2024-11-06,In sound century glass serious attack southern.,Closed - Won,Melissa Ortiz
Jenna Stanley,2024-11-27,Turn true than heavy reach.,Qualified,Becky Weaver
Sherry Davis,2024-11-02,Always describe industry single door per.,Closed - Won,Becky Weaver
Kristin Anderson,2024-11-24,Side black meet either modern.,New,Alexandra Harris
Catherine Madden,2024-11-01,Know every green himself off will.,Proposal Sent,Alexandra Harris
Andrea Grant,2024-11-10,Two time financial smile perhaps high my.,Closed - Won,John Small
Michael Ballard,2024-11-27,East people at very.,Closed - Lost,John Small
Sara Wiggins,2024-11-30,Girl them treat law bar white million.,Closed - Won,John Small
Evan Wilkins,2024-11-19,Site suggest enjoy.,Closed - Won,Unassigned
Sandra Evans,2024-11-08,Painting upon office industry however media young feeling.,Contacted,Becky Weaver
Christina Garrett,2024-11-12,Determine involve kid.,Qualified,John Small
Scott Fernandez,2024-11-02,Campaign design sign get Democrat member would.,Contacted,Becky Weaver
Mr. Scott Flores,2024-11-12,Official interest easy together when.,Closed - Lost,Becky Weaver
Elizabeth Smith,2024-11-01,Guess money by majority win past use.,New,Unassigned
John Chase,2024-11-17,Investment size several country hard property call.,Proposal Sent,Becky Weaver
Christine Stevenson,2024-11-13,Might recognize herself democratic create might some.,Closed - Won,Alexandra Harris
Roberta Bowman,2024-11-16,Usually interesting line way.,Closed - Lost,Melissa Ortiz
Keith Washington,2024-11-01,Some moment meeting step.,New,Alexandra Harris
Sharon Munoz,2024-11-07,Along reach marriage natural under investment.,Closed - Lost,Alexandra Harris
Joyce Mayo,2024-11-17,Could question trade east surface than.,New,John Small
