Name,Email,Phone,Status,Sales Rep,Last Contacted
Anthony Brown,angela24@example.org,409.483.7804x249,Closed - Won,John Small,2024-11-26
Valerie Torres,spatel@example.com,659-687-2463,Closed - Won,Alexandra Harris,2024-11-02
Margaret White,timothy77@example.com,6178958727,New,Melissa Ortiz,2024-11-09
Denise Marshall,frank13@example.org,(230)657-6791,New,Melissa Ortiz,2024-11-21
Mr. Chad Estrada,mglass@example.org,(650)400-3064,New,Melissa Ortiz,2024-11-05
Michelle Robertson,welchjacob@example.net,001-297-219-0398x40166,Proposal Sent,Melissa Ortiz,2024-11-24
Thomas Smith,richardsonjeffrey@example.com,566-511-2205x315,New,Alexandra Harris,2024-11-07
Kelly Young,farmerroger@example.net,(408)749-3777x5594,New,John Small,2024-11-17
Michael Perez,coopersharon@example.org,+1-748-358-3976x17940,Closed - Won,Alexandra Harris,2024-11-29
Richard Fernandez,rebecca12@example.net,7325583955,Contacted,Alexandra Harris,2024-11-08
Patrick Mason,scott12@example.com,940-855-3784x810,New,Melissa Ortiz,2024-11-12
George Odonnell,stevenwelch@example.com,994-448-0505,Qualified,Alexandra Harris,2024-11-08
Regina Oliver,xmckinney@example.org,001-996-911-5755x3567,Proposal Sent,Becky Weaver,2024-11-18
Melissa King,wsoto@example.net,+1-813-268-0449x6061,New,Becky Weaver,2024-11-21
Pamela Baker,megancohen@example.net,587.624.5097,Qualified,Becky Weaver,2024-11-19
Shawn Woods,brendairwin@example.org,3253389092,Qualified,John Small,2024-11-09
Taylor Nolan,charles13@example.net,805.619.2193,New,Becky Weaver,2024-11-03
Sarah Bates,rmills@example.com,(494)753-8585x653,Proposal Sent,John Small,2024-11-22
Aaron Barnett,teresayoung@example.net,657.545.0363x4229,New,Melissa Ortiz,2024-11-01
Patricia Johnson,allenkeith@example.com,+1-246-700-6133x289,Contacted,Alexandra Harris,2024-11-08
Tony Reynolds,bowentammy@example.net,7333531807,New,Becky Weaver,2024-11-05
Lindsey Walters,wendy73@example.com,440-621-5296x97109,Qualified,Alexandra Harris,2024-11-11
Holly Liu,harringtontravis@example.net,626-534-5426,New,Melissa Ortiz,2024-11-30
Brett Miller,ajarvis@example.org,982-212-1860x878,Qualified,Becky Weaver,2024-11-16
Francisco Lopez,stephanievaldez@example.net,456-410-8131x84261,Closed - Won,John Small,2024-11-26
Lauren Brown PhD,hernandezdustin@example.com,(807)620-6970x368,Qualified,Becky Weaver,2024-11-20
Jonathan Johnson,brianhoffman@example.net,475.821.4187x53841,Contacted,John Small,2024-11-22
Tammy Hayes,estradajulie@example.net,713-516-5879,New,Melissa Ortiz,2024-11-19
Catherine Reynolds,josephsnyder@example.com,930.271.2369,New,John Small,2024-11-16
James Perry,davidholmes@example.net,265-630-7079,New,Alexandra Harris,2024-11-16
Michelle Kelly,bruce47@example.net,647.440.0360,Contacted,Melissa Ortiz,2024-11-17
Edwin Rhodes,aaron22@example.org,617.485.8780,Proposal Sent,John Small,2024-11-19
Savannah Payne,epeters@example.org,001-361-996-2376,Contacted,Becky Weaver,2024-11-08
Elaine Torres,ashleyzuniga@example.org,(335)872-1846,Proposal Sent,Melissa Ortiz,2024-11-01
Kellie Murphy,jacquelineking@example.net,260-494-4500,Proposal Sent,Melissa Ortiz,2024-11-15
Mrs. Kristin Miller,schmidthelen@example.net,+1-355-479-4582,Contacted,Melissa Ortiz,2024-11-25
Chris Johnson MD,bdavis@example.com,+1-630-330-9085x3058,Contacted,John Small,2024-11-08
Michael Hamilton,michael73@example.org,430-770-8253x491,Proposal Sent,Melissa Ortiz,2024-11-01
Karen Garcia,heidi24@example.com,224-396-4177x1244,New,Alexandra Harris,2024-11-11
Kristopher Allen,mccormickzachary@example.net,6565192359,Contacted,Alexandra Harris,2024-11-27
Andrew Price,jacobsonjennifer@example.org,641.323.3787x604,Contacted,John Small,2024-11-20
Anna Cox,diazanthony@example.com,+1-634-934-1398x6963,Contacted,Melissa Ortiz,2024-11-25
Steven Miles,crystalcooper@example.org,856.833.9991,Contacted,Alexandra Harris,2024-11-29
Vincent Marsh,moralesvictoria@example.com,(315)206-3553x641,Qualified,Becky Weaver,2024-11-06
Joshua Estrada,morgan02@example.net,869-295-0831,Qualified,John Small,2024-11-22
Joan Harris,gary03@example.com,(842)891-0638x1918,New,Becky Weaver,2024-11-12
John Sullivan,gmorris@example.net,001-759-985-1379x39591,Closed - Lost,Becky Weaver,2024-11-04
Jordan Mckinney,njones@example.org,331.877.5264x85949,New,Alexandra Harris,2024-11-14
Tammy Li,ccarroll@example.com,+1-785-464-4525,Contacted,John Small,2024-11-12
Bryan Brown,mdavis@example.org,414-662-2219,New,John Small,2024-11-18
Scott Lindsey,fhumphrey@example.com,001-867-372-6409x4950,New,John Small,2024-11-06
James Cortez,hughesjenny@example.com,797-271-7409x2686,Contacted,Melissa Ortiz,2024-11-04
Jenna Holloway,jack08@example.com,(226)251-0813,Proposal Sent,Unassigned,2024-11-08
Robert Nelson,nicole03@example.com,001-625-367-8357x26219,Qualified,John Small,2024-11-25
Joyce Mayo,gdavis@example.org,9539293775,New,John Small,2024-11-17
Alexandra Wright,haley97@example.net,+1-284-419-5834x813,Closed - Won,Unassigned,2024-11-01
Jeffrey Adams,eric67@example.com,582.436.5852x342,New,John Small,2024-11-26
Ronald Morris,woodjeremiah@example.com,(430)396-8504,Qualified,Becky Weaver,2024-11-20
Paige Shields,jordannicole@example.net,5028235196,New,Melissa Ortiz,2024-11-19
Tanya Jones,nbarker@example.net,(619)578-2909,New,John Small,2024-11-16
Michelle Barnes,jennifer64@example.org,(800)471-2969x2691,New,Melissa Ortiz,2024-11-26
Charles Eaton,sarahfreeman@example.com,490.739.8908,Closed - Lost,John Small,2024-11-08
Vincent Flores,derekyoung@example.org,(365)783-0271x21875,Closed - Won,Alexandra Harris,2024-11-10
Joshua Dickson,barnesjohn@example.com,+1-717-898-8088x22733,New,Becky Weaver,2024-11-16
Emily Andrews,barbara74@example.net,855-244-3841,Closed - Won,John Small,2024-11-04
Kathleen Henson,nperez@example.net,001-828-498-0140x8064,New,John Small,2024-11-07
Frank Gamble,tonygraham@example.net,915.831.1204x351,Qualified,Becky Weaver,2024-11-16
Heather Chandler,matthewthomas@example.org,666-496-1242,New,Melissa Ortiz,2024-11-26
Stephen Pham,timothychen@example.net,+1-567-904-9894x1866,New,Melissa Ortiz,2024-11-29
Leslie Daniels,melissa20@example.org,+1-786-725-5234,New,John Small,2024-11-26
Casey Harris,lchristensen@example.org,+1-676-789-4013x40568,Contacted,Unassigned,2024-11-17
Colleen Campbell,dgray@example.net,210-989-1029x4899,New,John Small,2024-11-10
Sarah York,emilymartinez@example.org,353-269-2306,New,Melissa Ortiz,2024-11-04
Alicia Ray,stephenmunoz@example.com,+1-682-881-8110x80609,New,Unassigned,2024-11-18
Matthew Welch,shawn82@example.org,919-957-1525x146,New,Melissa Ortiz,2024-11-26
Brandy Peterson,bhouse@example.net,001-783-706-2057x4340,Contacted,Becky Weaver,2024-11-11
Mrs. Teresa Page,steven88@example.org,001-933-485-7233x11669,Proposal Sent,Melissa Ortiz,2024-11-25
Troy Hanson,gilljessica@example.com,001-831-640-3846,Closed - Lost,Becky Weaver,2024-11-10
Michael Mendoza,qlopez@example.org,315.788.6187,Closed - Lost,Melissa Ortiz,2024-11-04
Christopher White,hcain@example.com,(425)507-9050x576,Contacted,John Small,2024-11-27
Lisa Cowan,ashleyroberts@example.com,+1-788-390-4891x763,Closed - Won,Alexandra Harris,2024-11-03
Stacy Johnson,parkerlee@example.net,2996383957,Contacted,Unassigned,2024-11-17
Randy Brown,buckjared@example.net,+1-555-410-6106x88507,New,John Small,2024-11-06
Amy Taylor,qhess@example.org,381-689-9794,Proposal Sent,John Small,2024-11-07
Dennis Gould,taylorfranklin@example.net,001-856-949-7893,Qualified,Melissa Ortiz,2024-11-24
Ann Mcmillan,jordanchristopher@example.org,975-782-2395x92755,Contacted,John Small,2024-11-01
Tyler Carpenter,bradley37@example.net,374-765-4232,Contacted,John Small,2024-11-22
Nicole Thomas,samanthacampbell@example.net,9803769613,Qualified,Becky Weaver,2024-11-19
Angela Smith,richard44@example.com,+1-872-380-8613x0662,New,John Small,2024-11-04
Brittany Reilly,megan58@example.net,971.454.1512,Qualified,Alexandra Harris,2024-11-11
Ellen Mccarthy,patrick88@example.com,(219)618-0816,New,Melissa Ortiz,2024-11-13
Robert Mills,harrischristopher@example.com,+1-873-788-2843x5647,New,Alexandra Harris,2024-11-07
Brian Yu,youngmason@example.net,669-593-9986,Closed - Lost,Melissa Ortiz,2024-11-25
Donald Watkins,hernandezpatricia@example.org,(343)871-3488x926,Closed - Won,Becky Weaver,2024-11-15
Deanna Jones,ashley58@example.com,994-563-9511,Contacted,Melissa Ortiz,2024-11-10
Ryan Vasquez,pmiller@example.net,001-311-551-3379x454,Contacted,John Small,2024-11-24
Amanda Keller,emilyclark@example.com,798-720-6133x7107,Contacted,John Small,2024-11-17
Curtis Morgan,lisavelasquez@example.com,+1-615-586-0624,Closed - Lost,Becky Weaver,2024-11-22
Maria Higgins,jessica69@example.com,263.953.8307x438,New,Alexandra Harris,2024-11-29
Spencer May,waltersjohn@example.org,540-670-3036,Contacted,Alexandra Harris,2024-11-29
Mikayla Eaton,shelly10@example.net,9685848895,Contacted,Becky Weaver,2024-11-20
Angel Jenkins,owilson@example.com,(226)659-6109x0202,New,John Small,2024-11-06
Lauren Wu,john88@example.net,(557)718-4951,Closed - Won,John Small,2024-11-21
Marcia Kline,nicole73@example.com,001-905-936-4155x2217,Contacted,Unassigned,2024-11-01
Brooke Jacobs,stephenvelez@example.com,001-423-282-8230x724,New,John Small,2024-11-12
Crystal Molina,christianwilliams@example.net,(691)670-6626,New,Becky Weaver,2024-11-04
Rebecca Larson,mia48@example.com,(771)624-7123x27125,Qualified,Melissa Ortiz,2024-11-16
Jill Harmon,madisonbass@example.com,(380)417-7277,New,Becky Weaver,2024-11-09
Norman Mitchell,sgray@example.org,896-208-5172x36434,Closed - Won,Melissa Ortiz,2024-11-26
Bryan Young,paulschneider@example.com,001-687-905-8391x3114,Closed - Lost,Alexandra Harris,2024-11-17
Chelsea Rodriguez,bray@example.org,+1-649-397-2064,Contacted,Unassigned,2024-11-17
Elizabeth Rosario,jane84@example.org,460.884.1236x7355,Closed - Won,John Small,2024-11-19
Anthony Lyons,brenda50@example.com,(459)643-3192x4178,Qualified,Alexandra Harris,2024-11-20
Nathaniel Turner,elliottchelsea@example.net,933-857-3857,Contacted,Unassigned,2024-11-22
Steven Reid,fwilliams@example.org,213.645.3425,New,John Small,2024-11-12
Jacob Elliott,angela27@example.org,316-530-1349x16742,New,Melissa Ortiz,2024-11-26
Jeffrey Smith,hhenderson@example.com,974.884.5605x74531,Contacted,John Small,2024-11-28
Bradley Fleming MD,dwhite@example.com,+1-540-427-9139x8630,New,John Small,2024-11-04
Fred Lyons,benjamin23@example.com,311.428.0406x4616,New,Melissa Ortiz,2024-11-15
Bryan Patrick,tpetersen@example.com,(485)627-0525x534,Qualified,Unassigned,2024-11-08
Thomas Wright,carrjohn@example.net,(389)916-5763x1914,Contacted,John Small,2024-11-03
Steven Williams,zsanchez@example.com,521-988-2013x3679,New,John Small,2024-11-25
Andrew Chavez,michael76@example.net,966.865.5353x759,Contacted,John Small,2024-11-11
Lucas Bridges,lisagreen@example.net,(589)306-6308x80224,Contacted,Becky Weaver,2024-11-27
Gary Dudley,amber35@example.net,(804)330-8386,Closed - Won,Alexandra Harris,2024-11-27
Bryan Martinez,lbrewer@example.org,(353)285-4571x2699,Contacted,John Small,2024-11-05
Julie Williams,mccannkevin@example.net,+1-855-514-5023x0119,New,Melissa Ortiz,2024-11-10
David Martin,laura33@example.net,(397)966-4515x9206,Qualified,Becky Weaver,2024-11-14
Andrea Blevins,jasonzavala@example.com,481-222-6182,New,Alexandra Harris,2024-11-16
Shirley Phillips,heather03@example.com,873-260-9230,Qualified,Unassigned,2024-11-04
Catherine Nunez,mary55@example.net,428.891.1563,Contacted,Melissa Ortiz,2024-11-14
Joe Hernandez,moranjoseph@example.net,(737)763-8471x213,Contacted,Becky Weaver,2024-11-12
Danielle Mendez,velezlaura@example.com,803-363-2092,Contacted,Becky Weaver,2024-11-09
Michael Pugh,linda89@example.net,911-638-1763,New,Becky Weaver,2024-11-09
Diane Vargas,wilsonbeverly@example.org,511.807.5467x8234,Contacted,Melissa Ortiz,2024-11-18
Jessica Garcia,flee@example.org,432.932.2416x11980,Contacted,Becky Weaver,2024-11-23
Teresa Nelson,timothyguerrero@example.com,2568108157,Proposal Sent,Becky Weaver,2024-11-16
Catherine Madden,michael40@example.com,+1-782-226-0055,Proposal Sent,Alexandra Harris,2024-11-21
Jonathan Brown,eadams@example.org,001-961-484-1355x85702,Qualified,Unassigned,2024-11-06
Amanda Jones,wrightjackie@example.org,764-250-4137x082,New,Melissa Ortiz,2024-11-13
David Roberts,mathew13@example.net,(557)827-2709x20810,Proposal Sent,John Small,2024-11-15
Brandon Mccullough,nguyenrandy@example.org,(525)838-3295,Contacted,Melissa Ortiz,2024-11-19
Roger Collins,richard56@example.net,(939)297-6508,New,Melissa Ortiz,2024-11-04
Austin Pena,amanda59@example.net,384.844.9520,New,Unassigned,2024-11-18
Mark Acevedo,luispatel@example.com,+1-428-589-8219x45234,Closed - Lost,Alexandra Harris,2024-11-04
Gregory Espinoza,uanderson@example.net,575.538.5641,Contacted,Becky Weaver,2024-11-16
Andrea Robinson MD,donna91@example.org,(281)446-2016x847,Qualified,Alexandra Harris,2024-11-19
William Scott,gonzalezsara@example.net,5856552217,Qualified,Alexandra Harris,2024-11-20
Christopher Anthony,molinajulia@example.org,(671)708-5502x0108,Closed - Won,John Small,2024-11-23
Teresa Scott,keithrandolph@example.net,(922)911-4610x20743,Qualified,Melissa Ortiz,2024-11-06
Elizabeth Colon,alvarezadam@example.net,+1-714-776-3746x545,New,John Small,2024-11-04
Brenda Vega,ystanley@example.net,+1-466-452-7611,Contacted,John Small,2024-11-22
Joshua Davis,dmccoy@example.org,642.828.6957x387,New,John Small,2024-11-30
Kristin Anderson,greenmegan@example.org,778-815-3465,New,Alexandra Harris,2024-11-24
Scott Fernandez,bvaldez@example.net,001-948-923-2876x4849,New,Becky Weaver,2024-11-15
Andrew West,rachel88@example.org,+1-988-450-7712,Proposal Sent,Melissa Ortiz,2024-11-10
Donald Lee Jr.,wilsonbriana@example.com,640-429-8771,Closed - Won,Melissa Ortiz,2024-11-15
Jason King,nlopez@example.com,(596)932-3258x556,New,Alexandra Harris,2024-11-25
Benjamin Ferguson,zwilson@example.net,+1-848-558-0682x501,Closed - Won,Becky Weaver,2024-11-22
Gerald Murphy,zmcgee@example.net,001-615-272-8231x1861,New,John Small,2024-11-26
Kimberly Rice,gomezmichaela@example.com,751.921.2602x9904,New,John Small,2024-11-07
Nichole Rodriguez,tinariley@example.com,567.575.1184x593,Contacted,Becky Weaver,2024-11-14
Paula Cunningham,ybrown@example.net,829-868-7014x32593,Qualified,Becky Weaver,2024-11-27
Sandra Evans,bhartman@example.net,+1-304-565-4006,Proposal Sent,Becky Weaver,2024-11-25
Patricia Riddle,masontammy@example.org,637-599-3101x606,New,Becky Weaver,2024-11-24
Thomas Hanson,carl94@example.org,331-672-8373,Proposal Sent,Becky Weaver,2024-11-23
Patrick Ward,hcole@example.net,+1-553-685-0338x9479,Proposal Sent,John Small,2024-11-05
Jonathan Ryan,ofoster@example.com,(676)401-2777,Contacted,Alexandra Harris,2024-11-21
Shannon King,brownrenee@example.org,(650)542-0864x2841,Proposal Sent,Becky Weaver,2024-11-13
Michael Nguyen,ylong@example.org,712-548-8106x478,Contacted,Becky Weaver,2024-11-06
Nicholas Rodriguez,jessicapeters@example.org,707-875-0408x163,New,Becky Weaver,2024-11-07
Bradley Gomez,kbrown@example.net,986.478.8338x2448,New,Unassigned,2024-11-17
Lisa Caldwell,amoore@example.org,+1-351-304-6097x235,Contacted,Alexandra Harris,2024-11-09
Stephen Morris,goldenthomas@example.net,255-423-4468x98341,Qualified,Melissa Ortiz,2024-11-14
Travis Schneider,uhoward@example.com,001-390-534-5950x260,Contacted,Melissa Ortiz,2024-11-20
Timothy Peterson,nguyendwayne@example.org,681-451-5208,Proposal Sent,Becky Weaver,2024-11-06
Kyle Washington,megan67@example.com,(875)635-3913,Contacted,Unassigned,2024-11-01
Brian Harper,oellis@example.org,456-504-2022,Closed - Won,Becky Weaver,2024-11-07
Robert Watson,samantharose@example.org,001-388-776-4898,Contacted,Unassigned,2024-11-27
Jamie Diaz,ianderson@example.com,6004387918,New,John Small,2024-11-20
Edward Davis,ureynolds@example.com,001-962-347-8796x1352,New,John Small,2024-11-10
Jordan Hughes,donna44@example.org,(349)625-2375,Contacted,Becky Weaver,2024-11-04
Frederick Lynn,brianodom@example.com,734-932-5309x13321,Contacted,Melissa Ortiz,2024-11-09
Katherine Moreno,kendramartin@example.net,764-976-7054x14525,Proposal Sent,Becky Weaver,2024-11-26
Sarah Reed,sarakennedy@example.net,001-535-616-0625x3813,Contacted,Unassigned,2024-11-16
Terry Brooks,austinanderson@example.net,842.423.6204x8549,New,Melissa Ortiz,2024-11-04
Amy Brown,stephaniegreene@example.org,440.775.5691x513,Contacted,John Small,2024-11-12
Jennifer Church,rpayne@example.net,001-675-615-8971x2353,Contacted,John Small,2024-11-17
Guy Little,qjones@example.net,651-765-2147,New,Unassigned,2024-11-10
Susan Tyler,scottdavid@example.net,001-800-848-1636x19331,Qualified,Alexandra Harris,2024-11-01
Carrie Cooper,ogonzalez@example.com,411-217-8943x31553,Contacted,Becky Weaver,2024-11-10
Austin Terrell,jeremyharper@example.com,(252)385-8276,New,Becky Weaver,2024-11-06
Austin Smith,bensonlauren@example.org,296.865.5806,Qualified,John Small,2024-11-10
Nichole Keller,john73@example.net,+1-758-436-8464x86019,Proposal Sent,Alexandra Harris,2024-11-08
Brianna Booker,mooresarah@example.net,513-759-6072x124,Contacted,Alexandra Harris,2024-11-20
Juan Davis,sheilasilva@example.org,(545)949-0497,Qualified,Melissa Ortiz,2024-11-12
Dawn Rose,dnorton@example.net,607-360-2480,New,Alexandra Harris,2024-11-29
Spencer Garcia,alan49@example.com,5245555763,Closed - Won,John Small,2024-11-17
Victoria Schroeder,jacobsjonathan@example.com,+1-970-930-3120x86191,Contacted,John Small,2024-11-23
Alexander Vasquez,jmccarty@example.org,616.450.0536x5076,Closed - Won,Melissa Ortiz,2024-11-24
Brian Lawson,carrbarry@example.com,398-252-2636x55250,New,Becky Weaver,2024-11-16
Benjamin Hall,jennifer34@example.com,(474)511-4737,Qualified,Becky Weaver,2024-11-19
Carl Sheppard,carla04@example.com,(496)657-1526x5721,Contacted,John Small,2024-11-28
Thomas Peterson,scook@example.net,(408)383-1948,Proposal Sent,John Small,2024-11-28
Daniel Wright,adrian24@example.net,(766)249-5658x227,Contacted,Becky Weaver,2024-11-13
Ashley Moore,michaelhall@example.com,458.706.4352x01492,Proposal Sent,Unassigned,2024-11-20
Nicholas Coleman,suzannefowler@example.org,9932966817,Contacted,Becky Weaver,2024-11-02
Scott Dominguez,elizabeth15@example.net,001-274-795-6967,Contacted,Becky Weaver,2024-11-28
Christine White,collinserin@example.com,266.810.4662,New,John Small,2024-11-01
John Hall,ocase@example.net,(254)735-0937x607,Proposal Sent,John Small,2024-11-19
Roberto Robinson,dale33@example.com,512.849.7158x59035,Proposal Sent,Melissa Ortiz,2024-11-10
Ryan Colon,crivas@example.org,+1-484-952-0714x23215,Qualified,John Small,2024-11-24
Ricky Knox,william23@example.com,001-593-616-5524,Proposal Sent,Becky Weaver,2024-11-29
Briana Wilson,michael27@example.org,(990)485-3733x651,Qualified,Alexandra Harris,2024-11-11
Stephen Mcdonald,kimberly12@example.net,001-284-784-0759,New,Melissa Ortiz,2024-11-05
Charles King,bonillajose@example.com,+1-810-379-9379,Qualified,Melissa Ortiz,2024-11-08
Ryan Dixon,michellebaker@example.com,886-413-2031,Qualified,Becky Weaver,2024-11-19
Dawn Wilson,michellelane@example.org,001-716-894-2124x7841,Qualified,Unassigned,2024-11-27
Jose Harris,williamselizabeth@example.com,8755168545,New,Melissa Ortiz,2024-11-10
Kelly Kirby,waterslinda@example.org,+1-588-846-5286x767,Qualified,Melissa Ortiz,2024-11-28
Jerry Marshall,kristinaturner@example.org,001-704-975-5563x08047,Contacted,Unassigned,2024-11-08
Sharon Schmidt,danielknapp@example.net,9854242917,New,John Small,2024-11-17
Sarah Sloan,sandersashley@example.com,001-264-673-8849,Contacted,Melissa Ortiz,2024-11-15
Roy Marsh,zsantos@example.com,304.943.8517x735,Qualified,Becky Weaver,2024-11-22
Donna Freeman,braundiane@example.com,001-384-390-8327x689,Qualified,Melissa Ortiz,2024-11-28
Linda Ellis,bradykathryn@example.org,(460)421-7149,Contacted,John Small,2024-11-18
Jennifer Huerta,wisemichelle@example.com,376.747.4812,Contacted,Unassigned,2024-11-23
Debra Navarro,amberlopez@example.net,3162173121,Qualified,John Small,2024-11-19
Daniel Moss,acastro@example.org,(636)938-8450,Closed - Won,Melissa Ortiz,2024-11-10
Robert Castillo,hmitchell@example.org,505.995.6538x311,Contacted,Alexandra Harris,2024-11-16
Jeremiah Diaz,stevemiller@example.net,4879859968,New,Melissa Ortiz,2024-11-17
Alicia Lin,ycollier@example.com,(601)739-7699x87525,Qualified,Becky Weaver,2024-11-27
Ronald Rojas,rachelgordon@example.net,+1-478-869-9735x606,Qualified,Melissa Ortiz,2024-11-25
Daniel David,sloanrachel@example.net,677-599-1949x70902,New,Becky Weaver,2024-11-18
Brandon Johnson,melissaflores@example.com,+1-988-801-3390x05282,Contacted,Becky Weaver,2024-11-16
Brian Huffman,gailbailey@example.net,8947783581,Contacted,John Small,2024-11-05
Mr. Scott Flores,daniel80@example.net,+1-981-277-3562x1492,New,Becky Weaver,2024-11-13
Nicole Dawson,dennis55@example.com,001-517-570-1933x9536,Qualified,Alexandra Harris,2024-11-15
Alyssa Lee,randy02@example.com,436-774-6639x541,Contacted,Alexandra Harris,2024-11-12
Mark Gutierrez,dho@example.org,+1-930-336-4004,Proposal Sent,Melissa Ortiz,2024-11-17
Wendy Murray,steven62@example.com,001-803-645-1011x371,New,John Small,2024-11-27
Shawn Jones,kwhite@example.org,001-658-626-5004x09406,New,Melissa Ortiz,2024-11-02
John Anderson,jasmine11@example.net,+1-487-610-6826,Closed - Lost,Melissa Ortiz,2024-11-23
Tiffany Cook,nashmichael@example.com,(648)840-1659x56649,Qualified,Alexandra Harris,2024-11-22
Marcus Bryan,hfigueroa@example.com,812.345.0400x061,Contacted,Alexandra Harris,2024-11-29
Jennifer Buckley,kennethmonroe@example.net,001-431-425-0968x44004,New,John Small,2024-11-04
Mary Harrison,amberanderson@example.com,543.374.8528,Contacted,Melissa Ortiz,2024-11-15
Gabriella Bolton,charles91@example.com,464-795-9386,Contacted,Becky Weaver,2024-11-07
Kelly Moore,christopher99@example.net,286-967-2281,Qualified,Unassigned,2024-11-21
Bobby Jensen,stewartstephen@example.net,389-497-4931,New,Alexandra Harris,2024-11-18
Daniel Miranda,rachael94@example.com,(875)684-2045x630,Contacted,Melissa Ortiz,2024-11-23
Anthony Holmes,sandra14@example.org,(244)876-7392,Closed - Lost,John Small,2024-11-29
Dr. Eric Garza,josephsimpson@example.com,(600)618-1991,New,Becky Weaver,2024-11-02
Jose Dorsey,hernandezchristine@example.net,(433)281-5407x14394,New,Becky Weaver,2024-11-12
Brandon Grant,djones@example.org,+1-807-494-6261x63050,Closed - Lost,Unassigned,2024-11-26
Melissa Evans,laurabrowning@example.org,585-571-4372x25755,Contacted,John Small,2024-11-19
Daniel Miller,sean03@example.org,9893876486,Qualified,Melissa Ortiz,2024-11-16
Heather Wilson,sarah94@example.org,876-501-8854x56063,Contacted,John Small,2024-11-01
Mr. Joshua Andrews Jr.,fishercarlos@example.net,438-421-4471x7188,Qualified,John Small,2024-11-23
Deanna West,mccallmichelle@example.com,7646093300,New,Becky Weaver,2024-11-18
Diana Johnson,gonzalezdaniel@example.org,672.264.0838x5486,Proposal Sent,Alexandra Harris,2024-11-30
Samantha Duncan,susangarcia@example.net,+1-974-229-8387x85633,Contacted,Melissa Ortiz,2024-11-08
Jason Mullins,kevinjones@example.com,(231)599-7344x9736,Closed - Won,John Small,2024-11-19
Patricia Blair,gibsonsergio@example.com,(915)795-3613,New,John Small,2024-11-24
Jessica Brooks,pbernard@example.com,(701)912-2576,Contacted,Becky Weaver,2024-11-15
Rebecca Hill,lopezcharles@example.org,3885681298,Qualified,Unassigned,2024-11-05
Daniel Brooks,shelley83@example.org,+1-318-384-0230x876,New,Melissa Ortiz,2024-11-08
Richard Wang,oluna@example.org,894.227.3996x0390,Contacted,John Small,2024-11-09
Jason Church,sstewart@example.org,403-927-4433x2677,New,Alexandra Harris,2024-11-03
Johnny Wilson,harrisjeffery@example.net,001-570-790-2595,New,Melissa Ortiz,2024-11-25
Aaron Arias,patricia42@example.com,686.529.8699x62835,Proposal Sent,Alexandra Harris,2024-11-19
Elizabeth Jones,jonesbrent@example.com,(341)796-7364x75891,New,Melissa Ortiz,2024-11-11
Mr. Ryan Cisneros,lcallahan@example.net,(953)412-2741,New,Melissa Ortiz,2024-11-10
Breanna Peters,aanderson@example.com,569.768.6115x74306,Qualified,Unassigned,2024-11-08
Krystal Glover DVM,jamiemann@example.org,9785948949,Qualified,Melissa Ortiz,2024-11-02
Kurt Rios,pbaker@example.net,476-311-3608x808,Qualified,Becky Weaver,2024-11-17
Chad Perry,daviscatherine@example.net,(400)702-4137,New,Alexandra Harris,2024-11-09
Eric Mills,amandaescobar@example.net,+1-825-483-4312x171,New,John Small,2024-11-26
James Hood,george34@example.org,(937)808-4062,Contacted,Melissa Ortiz,2024-11-02
Eric Wells,qrodriguez@example.org,737.422.8241,Contacted,John Small,2024-11-30
Robert Mann,zharris@example.com,001-464-935-8894x64920,Contacted,Unassigned,2024-11-30
Kelly Cohen,brownchristopher@example.org,+1-661-714-1169x91627,Qualified,John Small,2024-11-27
Ronald Brown,jaime01@example.net,+1-563-985-0990x0199,Qualified,John Small,2024-11-08
Robert Palmer,hebertamy@example.org,267.234.7245,New,Alexandra Harris,2024-11-06
Danny Taylor,dcunningham@example.net,(260)969-5945,Proposal Sent,Becky Weaver,2024-11-23
Shirley Bryan,beckamber@example.org,+1-374-945-7253x19957,New,Melissa Ortiz,2024-11-04
Briana Terry,cassandrabrown@example.org,(431)287-2273x58622,New,Becky Weaver,2024-11-12
Kyle Clark,john45@example.com,+1-264-317-3767x36254,Proposal Sent,John Small,2024-11-04
Mary Estrada,sking@example.org,365-301-8655x38306,Contacted,Unassigned,2024-11-10
Laura Nelson,wburke@example.com,869-924-1113x68862,Qualified,John Small,2024-11-05
Cynthia Davis,hoodnatalie@example.net,915.559.6267x06690,Qualified,Becky Weaver,2024-11-21
Matthew Jimenez,housesheila@example.org,(876)648-7867x320,Contacted,John Small,2024-11-24
Jamie Doyle,griffithjerry@example.com,698.818.6113,Contacted,Melissa Ortiz,2024-11-12
Chris Buchanan,john38@example.net,573-265-5474,Qualified,Alexandra Harris,2024-11-08
Jennifer Gomez,davidlee@example.com,+1-540-657-4349,New,Becky Weaver,2024-11-22
Tiffany Dean,hmartinez@example.com,+1-336-983-1565x74699,New,Alexandra Harris,2024-11-26
Jaime Cox,travis24@example.org,8288554054,Proposal Sent,John Small,2024-11-16
Mark Wolf,richardjason@example.com,(522)213-5589,New,Alexandra Harris,2024-11-21
Elizabeth King,connie05@example.net,508.901.2572x98656,Contacted,Melissa Ortiz,2024-11-28
Lisa Mcdonald,autumn17@example.com,001-419-233-1309x1200,Qualified,Unassigned,2024-11-24
Carl Harmon,wgreen@example.net,(721)587-4767,Proposal Sent,Melissa Ortiz,2024-11-29
John Martinez,pattersonsharon@example.org,516-214-1203x4699,Contacted,Becky Weaver,2024-11-15
Mr. Joseph Wilson MD,lmorse@example.com,(755)659-3793x95955,Proposal Sent,John Small,2024-11-13
Kevin Moore,mbarnes@example.org,+1-219-370-4045x988,Contacted,John Small,2024-11-13
Russell Davidson,robertdavis@example.org,(337)788-3747x82934,Contacted,Becky Weaver,2024-11-24
Jordan Castillo,caitlynglover@example.net,(847)470-6881,Contacted,Melissa Ortiz,2024-11-18
Mary Mclean,andersonjeffrey@example.com,+1-463-707-0717x75386,Closed - Lost,Alexandra Harris,2024-11-19
Benjamin Vaughn,aunderwood@example.net,617-916-6905,Contacted,Becky Weaver,2024-11-06
Justin Murray,margaretmcdowell@example.com,001-570-210-5352x83458,Closed - Won,Melissa Ortiz,2024-11-26
Benjamin Terry,fmalone@example.com,001-788-673-7065x293,New,Melissa Ortiz,2024-11-12
Lindsey Rice,kristenking@example.com,4385124311,New,Melissa Ortiz,2024-11-07
John Levine,nsullivan@example.com,(911)718-0808,Qualified,Melissa Ortiz,2024-11-09
Jennifer Solomon,mevans@example.org,001-570-337-3760,Qualified,John Small,2024-11-18
Michael Lewis,knightkelly@example.com,001-994-624-4539x4180,Contacted,Becky Weaver,2024-11-19
John Wilcox,hcooper@example.com,+1-304-482-6515x2377,Proposal Sent,Melissa Ortiz,2024-11-28
Richard Johnson,aaron07@example.com,001-278-256-8647x6003,Closed - Won,Melissa Ortiz,2024-11-25
Michael Rodriguez,christopherlawrence@example.com,633.555.4401x03933,New,Becky Weaver,2024-11-02
Mr. Maurice Friedman,valeriewilliams@example.com,7024483583,Contacted,Becky Weaver,2024-11-09
Jacob Miller,gwalker@example.net,(895)947-3246x29060,Contacted,Melissa Ortiz,2024-11-09
Mrs. Kristen Thompson,clarknicole@example.com,001-943-741-4415x1885,New,Becky Weaver,2024-11-19
Bruce Johnson,huntjessica@example.com,+1-359-732-8124x57682,New,Becky Weaver,2024-11-21
Jacqueline Gordon,pearsonsusan@example.net,965.263.0051x2108,Contacted,Becky Weaver,2024-11-12
Taylor Meyer,jacobdennis@example.net,001-923-992-9783x54467,Contacted,Becky Weaver,2024-11-02
Bailey Cooper,paul84@example.net,001-943-984-7968x681,Qualified,Unassigned,2024-11-06
Gina Price,powellsherri@example.org,823-790-1156x67902,New,Becky Weaver,2024-11-18
Robert Baldwin,lopezlinda@example.com,+1-754-822-4962x417,Proposal Sent,Becky Weaver,2024-11-01
Dr. Elizabeth Manning,dmelton@example.com,392-851-5013,Contacted,Becky Weaver,2024-11-15
Ashley Wells,kristina14@example.net,(733)895-3376x1230,Contacted,John Small,2024-11-21
Denise Williams,underwoodjoy@example.com,+1-921-241-7169x417,Contacted,Melissa Ortiz,2024-11-22
Gabrielle Meza,amanda49@example.org,+1-406-481-3370x72767,Contacted,Alexandra Harris,2024-11-01
Ricky Hernandez,yolanda29@example.net,001-919-820-6358x292,Qualified,John Small,2024-11-30
Austin Schneider,cherylwhite@example.org,001-682-714-7635,Qualified,Becky Weaver,2024-11-26
John Chase,karen28@example.net,942.893.9252x13768,New,Becky Weaver,2024-11-23
Kevin Martinez,vrodriguez@example.com,2696800398,Contacted,Becky Weaver,2024-11-30
Amanda Alvarez,christianlawson@example.net,001-450-891-4955x8707,Qualified,Becky Weaver,2024-11-03
Brian Clark,aaron90@example.org,001-737-572-8440,Contacted,Alexandra Harris,2024-11-06
Debra Montoya,grantwilliam@example.org,(889)718-9203,New,Melissa Ortiz,2024-11-18
Ann Smith,pdelgado@example.net,001-221-715-7747x4527,Closed - Lost,Alexandra Harris,2024-11-21
Jennifer Jordan,rfoster@example.net,+1-444-398-2535,Qualified,Unassigned,2024-11-15
Corey Nash,khanstephanie@example.com,762.258.1530x3369,Qualified,Becky Weaver,2024-11-13
Rachel Lam,carpenterolivia@example.com,(846)348-0581,New,Alexandra Harris,2024-11-03
Melissa Mason,denise03@example.net,001-832-789-6005,New,John Small,2024-11-26
Katherine Robinson,amyrogers@example.net,+1-817-337-6941,New,John Small,2024-11-09
Michael Hood,ukemp@example.com,6253175258,Contacted,John Small,2024-11-18
Martin Buchanan,shannon48@example.com,2057106731,New,Becky Weaver,2024-11-27
Stacey Kelly,wfitzgerald@example.com,556-877-3619x62096,Contacted,Melissa Ortiz,2024-11-24
Charles Lane,casey93@example.org,854-264-2223x08309,New,Becky Weaver,2024-11-14
Lisa Curtis,nancy93@example.org,+1-851-902-1190,Closed - Lost,John Small,2024-11-22
Patricia Gonzalez,cmoreno@example.org,+1-407-729-1417,Qualified,John Small,2024-11-07
Matthew Reed,fward@example.com,248-631-0977,New,John Small,2024-11-29
Steve Armstrong,markreed@example.com,900-782-6725x66888,Qualified,John Small,2024-11-05
Christine Perez,catherinedavis@example.org,847-238-2386,Contacted,Melissa Ortiz,2024-11-13
Brandon Mcdaniel,pamelajackson@example.org,(260)459-2081x98274,Contacted,Melissa Ortiz,2024-11-22
Patrick Thornton,shannon56@example.com,001-912-593-3102x645,Proposal Sent,John Small,2024-11-23
Kim Hill,rileyamanda@example.org,001-318-695-5771,Contacted,John Small,2024-11-02
Nicole Santiago,holly38@example.net,978-831-0646x15820,Qualified,Melissa Ortiz,2024-11-13
Adrienne Carter,nicholasespinoza@example.org,490-300-1312x643,Contacted,Becky Weaver,2024-11-23
Jason Hernandez,deannawatts@example.org,(845)946-3294,New,Alexandra Harris,2024-11-19
Phyllis Reyes,gwolf@example.net,440.212.3680x9452,Contacted,John Small,2024-11-14
Danielle Shaffer,wagnerdanielle@example.net,355.791.0089x335,Contacted,Melissa Ortiz,2024-11-07
Randy Baker,heather23@example.com,3937625983,New,Becky Weaver,2024-11-18
Sophia Baldwin,nicholsrebecca@example.net,001-451-830-2878,New,Alexandra Harris,2024-11-19
Jessica Franklin,bmartin@example.com,557.570.1733,Proposal Sent,Melissa Ortiz,2024-11-18
Patricia Vance,jameshill@example.com,294.520.9095x63706,Contacted,Melissa Ortiz,2024-11-29
Christopher Austin,rrodriguez@example.net,+1-879-256-6497,Qualified,Melissa Ortiz,2024-11-26
Danielle Watson,robertsdaisy@example.org,(413)290-1612x819,New,Melissa Ortiz,2024-11-17
Teresa Russell,aliciajenkins@example.org,+1-338-267-9181x330,Contacted,Unassigned,2024-11-08
Andre Rodriguez,xgutierrez@example.com,294-755-7896x0710,Closed - Lost,John Small,2024-11-30
Anthony Rodriguez,melinda46@example.org,+1-434-824-7030x125,New,Melissa Ortiz,2024-11-23
Angela Pollard,garzaelizabeth@example.net,716.570.9153x843,Qualified,John Small,2024-11-20
David Sweeney,matthew54@example.org,(703)779-5529x1050,Contacted,John Small,2024-11-19
Katherine Ashley,hicksjim@example.com,989.677.2823x1806,Qualified,John Small,2024-11-18
Kevin Short,brianparker@example.org,+1-878-959-1290x979,Contacted,Melissa Ortiz,2024-11-17
Patricia Williams,sday@example.net,201-791-0615,New,Becky Weaver,2024-11-16
Kevin Taylor,davidsullivan@example.net,3912472755,Qualified,Becky Weaver,2024-11-01
Alexandra Chang,sparksbonnie@example.net,001-504-666-1240x04802,Closed - Lost,Melissa Ortiz,2024-11-19
Ryan King,donna54@example.org,415-378-1475x4718,New,John Small,2024-11-13
Kimberly Burton,christina83@example.com,205-953-9889x20454,New,John Small,2024-11-07
Mark Fitzgerald,jevans@example.net,001-645-399-4855x55872,New,Melissa Ortiz,2024-11-18
Kristine Mccormick,muellermark@example.org,001-327-344-3556x2440,Qualified,John Small,2024-11-04
Kim Downs,bennettcheryl@example.com,615-521-4609,Qualified,John Small,2024-11-02
Heather Smith,youngzachary@example.net,641.487.7081x591,Contacted,Melissa Ortiz,2024-11-11
Lisa Drake,adamyoung@example.com,+1-636-589-0434x0515,Proposal Sent,John Small,2024-11-13
Trevor Curtis,brockmelanie@example.com,(273)846-9007,Contacted,Unassigned,2024-11-12
Alicia Burgess,michelle43@example.org,001-641-392-3222,New,Becky Weaver,2024-11-18
Adam Armstrong,alexjohnson@example.org,868.693.9053x91189,New,Alexandra Harris,2024-11-17
Lisa Taylor,erica69@example.org,(856)633-1392x164,Closed - Lost,Alexandra Harris,2024-11-08
Dr. Thomas Curtis,markwalker@example.net,(249)625-3825x9397,Closed - Won,Alexandra Harris,2024-11-21
William Gordon,destiny58@example.net,702.966.8496,Contacted,Melissa Ortiz,2024-11-27
Diana Mckay,nicole22@example.net,001-447-616-5590,Closed - Won,John Small,2024-11-07
Patricia Good,brandonpope@example.com,(263)525-1157x10305,Qualified,Becky Weaver,2024-11-18
Virginia Brown,lsexton@example.org,779-540-9162,New,Becky Weaver,2024-11-03
Sara Sullivan,luissalas@example.org,+1-905-874-5219x028,Contacted,John Small,2024-11-16
Rebecca Carter,shannonbowman@example.net,340.338.4679,Qualified,Becky Weaver,2024-11-22
Terrance Reynolds,richardcook@example.net,7387180014,Contacted,Melissa Ortiz,2024-11-29
Vanessa Hall,sarah70@example.org,+1-491-407-5583x707,New,Melissa Ortiz,2024-11-06
Thomas Bailey,shiggins@example.com,+1-934-733-5486x251,Qualified,John Small,2024-11-03
Kendra Caldwell,ugonzalez@example.org,+1-404-344-5312x514,Contacted,John Small,2024-11-22
Karen Bailey,zwilkinson@example.com,493-373-8396,Contacted,Becky Weaver,2024-11-21
Michael Ward,lisabowen@example.net,(884)876-5772,New,John Small,2024-11-24
Yvonne Flores,reedtyler@example.com,+1-547-275-4261x35626,Contacted,John Small,2024-11-13
Jimmy Holland,johnhughes@example.org,(673)873-6616,New,John Small,2024-11-24
Justin Munoz,wallerbrooke@example.org,(206)348-6936x0554,Contacted,Melissa Ortiz,2024-11-16
Dennis Brown,yphillips@example.org,255-727-7628x5288,Qualified,Becky Weaver,2024-11-10
Reginald Jones,sandra98@example.net,823-433-3551,Contacted,Melissa Ortiz,2024-11-19
Theresa Richardson,timothy60@example.org,289.237.3164x645,Closed - Won,Becky Weaver,2024-11-22
Elizabeth Lam,nicholsonalex@example.org,678.337.6949x28805,New,Melissa Ortiz,2024-11-10
Michael Boyle,jenniferbridges@example.com,757.896.2921x80019,Closed - Won,Melissa Ortiz,2024-11-08
Heather Walters,ifarrell@example.net,001-454-611-7386x427,Proposal Sent,Becky Weaver,2024-11-07
James Davis DDS,johnsonrose@example.com,5846003402,Contacted,Alexandra Harris,2024-11-03
Cynthia King,veronicahinton@example.net,+1-369-241-4329x4040,Closed - Lost,Becky Weaver,2024-11-20
Erik Palmer,rodriguezsara@example.com,259-404-5336,New,John Small,2024-11-02
Angela White,qbrown@example.com,+1-245-687-7325x496,New,John Small,2024-11-03
Gregory Dominguez,burkewilliam@example.org,001-510-529-2336,Contacted,John Small,2024-11-19
Rodney Greene,christian75@example.com,+1-812-449-1609,New,Melissa Ortiz,2024-11-06
Alexander Johnson,denisetorres@example.org,8993147000,Contacted,Becky Weaver,2024-11-28
Clarence Campbell,lorimoran@example.net,992.214.4559,New,John Small,2024-11-15
Susan Medina,meganallen@example.net,(399)867-5032x4160,Qualified,John Small,2024-11-13
Brent Brown,lmckenzie@example.net,912.270.2298x788,Contacted,Becky Weaver,2024-11-10
Amy Jefferson,zachary13@example.com,8253015634,Contacted,Becky Weaver,2024-11-01
Shawn Robinson,briannacastaneda@example.org,(716)696-0391,Contacted,Alexandra Harris,2024-11-11
Adam Chang,watkinsbenjamin@example.net,001-667-777-9410,Proposal Sent,Becky Weaver,2024-11-26
Andre Hines,john37@example.net,351-842-1720,New,John Small,2024-11-30
Travis Smith,allenwillis@example.net,637-934-0285,Qualified,Alexandra Harris,2024-11-23
Cynthia Moore,melissarobertson@example.org,563.544.6835,Qualified,John Small,2024-11-09
Adam Harris,kimberly28@example.com,+1-332-793-2602x1092,Contacted,John Small,2024-11-14
Kimberly Powell DDS,nhall@example.org,(447)468-5079x5434,Qualified,Becky Weaver,2024-11-05
Michael Miller,tonysimmons@example.net,442-699-6081,Proposal Sent,Melissa Ortiz,2024-11-10
Natasha Stanley,alam@example.net,2578052979,Closed - Lost,John Small,2024-11-21
Jennifer Davidson,glopez@example.org,+1-595-666-7512,Qualified,John Small,2024-11-19
Jennifer Maddox,ljones@example.net,+1-567-410-9874x17927,New,John Small,2024-11-02
Nicole Oconnell,flawson@example.org,(213)701-7817,Closed - Lost,John Small,2024-11-04
Rebecca Frank,ygarner@example.net,(486)624-3077x83256,Qualified,John Small,2024-11-27
Mr. Allen Kim MD,douglassarah@example.com,304.492.1408,Contacted,Becky Weaver,2024-11-21
Melinda Brady,samuel90@example.org,852-404-8271x4858,Qualified,John Small,2024-11-13
Brian Martin MD,chayden@example.net,228.247.6480x7101,Closed - Lost,John Small,2024-11-12
Cheryl Jones,mooredavid@example.org,001-572-934-4960x547,Proposal Sent,Melissa Ortiz,2024-11-23
Kristen Martin,zsmith@example.com,001-944-956-9588,Qualified,John Small,2024-11-02
Audrey Ramos,kimharrington@example.com,+1-529-506-1061x21496,Qualified,Melissa Ortiz,2024-11-20
David Hernandez,cbecker@example.com,340.211.6719x19455,New,Melissa Ortiz,2024-11-10
Adam Herman,rileyjoshua@example.com,545.489.0023x849,Qualified,Alexandra Harris,2024-11-09
Diane Richards,kathryn64@example.net,(243)334-1919x721,New,Becky Weaver,2024-11-06
Kyle King,thomasgoodman@example.net,+1-856-381-3915x037,Contacted,Melissa Ortiz,2024-11-13
Michael Nelson,jessica69@example.org,461-835-1516x848,Contacted,Alexandra Harris,2024-11-29
Shannon Giles,hayescassie@example.org,(640)314-1772,Contacted,Alexandra Harris,2024-11-23
Robert Rogers,ushaw@example.net,793.837.3876x0721,Contacted,Unassigned,2024-11-09
Joseph Myers,haysbrianna@example.org,760-925-3070x3074,New,Melissa Ortiz,2024-11-26
Anthony Campbell,stephen39@example.com,+1-746-693-6062x657,New,John Small,2024-11-30
Travis Walsh,samantha10@example.com,001-316-295-7580x08167,New,John Small,2024-11-17
Amber Farmer DDS,john87@example.org,7995116535,New,Melissa Ortiz,2024-11-02
Matthew Harrison,murrayjohn@example.org,(258)349-2146x9560,New,Alexandra Harris,2024-11-13
William Johnson,umoore@example.net,001-709-602-6034,New,Melissa Ortiz,2024-11-22
Kenneth Harrison,ashley18@example.com,690-662-3685,New,Melissa Ortiz,2024-11-04
Daniel Fernandez,tamara27@example.com,+1-202-924-9005x7856,Qualified,Melissa Ortiz,2024-11-23
Daniel Blackwell,juliesmith@example.net,280.984.7146,New,Becky Weaver,2024-11-02
Ashley Hebert,sandersrachel@example.com,373.586.5813x797,Contacted,Becky Weaver,2024-11-08
Melanie Woodward,henry59@example.com,686-607-2272x318,Qualified,Alexandra Harris,2024-11-27
Alicia Meyer,nkirk@example.net,001-753-751-6382x0204,Contacted,Melissa Ortiz,2024-11-26
Christina Riley,carolyn72@example.com,(219)696-6104,Contacted,Becky Weaver,2024-11-27
Mrs. Patricia Dyer,fordashley@example.net,743.892.9455,Contacted,Melissa Ortiz,2024-11-10
James Clark,xhines@example.org,+1-938-401-5728x57986,Contacted,John Small,2024-11-30
Doris Jensen,shortlevi@example.com,875.639.6703x083,Closed - Lost,Becky Weaver,2024-11-14
Bonnie Phillips,oacevedo@example.net,521-200-8674,Contacted,Becky Weaver,2024-11-22
Susan Evans,nicole43@example.net,+1-909-476-3348,Contacted,Becky Weaver,2024-11-14
John Brown,daniel67@example.com,001-428-928-6304x2742,New,Melissa Ortiz,2024-11-16
Amanda Zimmerman,david19@example.com,296-733-6828x5250,New,Alexandra Harris,2024-11-30
James Lee,omoreno@example.com,(276)238-4155x7931,Contacted,Unassigned,2024-11-09
Maria Webb,evanswendy@example.org,540.589.0742x3482,Contacted,John Small,2024-11-10
Karen Hartman,danawilliams@example.org,847-982-8604,New,John Small,2024-11-24
Michael Martinez,christopher41@example.com,634.670.1535x09226,Contacted,Alexandra Harris,2024-11-03
Joseph Page,pdunn@example.net,+1-550-233-1954x284,Proposal Sent,John Small,2024-11-18
Joshua Brown,jeanette80@example.com,657-749-0071x5268,New,Melissa Ortiz,2024-11-30
Ryan Roberts,cpaul@example.com,001-693-565-4961,Closed - Won,Melissa Ortiz,2024-11-11
Nathaniel Arellano,debbie06@example.net,(357)384-8231,Contacted,John Small,2024-11-26
Angel Hughes,leejessica@example.org,(817)918-8714x61683,New,Becky Weaver,2024-11-26
Michael Bryant,justin86@example.org,001-547-883-4108,Qualified,Becky Weaver,2024-11-23
Jeffrey Gross,roblesjennifer@example.com,(281)347-0311x5422,Contacted,Becky Weaver,2024-11-01
Reginald Reyes,patriciarivas@example.net,001-493-281-2587x226,New,Becky Weaver,2024-11-17
Lori Gray,christinewilliams@example.com,777.988.2135x704,New,Melissa Ortiz,2024-11-17
Nicole Williams,turnerdaniel@example.com,(637)851-3680x18775,Qualified,Melissa Ortiz,2024-11-25
Michael Fletcher,smithtaylor@example.net,001-625-990-6310,New,John Small,2024-11-07
Sherri Moore,jonespamela@example.net,(708)366-7709x58356,New,Alexandra Harris,2024-11-16
Stephanie Williams,zstewart@example.com,+1-649-493-2014,New,Becky Weaver,2024-11-17
Mrs. Ann Oconnor,lindalopez@example.org,+1-305-537-8299x21867,Contacted,Alexandra Harris,2024-11-04
Jennifer Ortega,maryhill@example.org,872.924.3225x86202,Proposal Sent,John Small,2024-11-22
Michelle Harris,stephenwebb@example.com,+1-408-809-1260x890,Contacted,John Small,2024-11-04
Abigail Chapman,uvargas@example.org,323.220.6344,New,Becky Weaver,2024-11-19
Cory Boone,johnsonjames@example.net,+1-836-213-0348,Contacted,John Small,2024-11-12
Victoria Taylor,ogill@example.net,001-309-902-3941x83702,Closed - Won,John Small,2024-11-24
Spencer Harrison,pmorgan@example.net,(535)345-5454,Closed - Lost,Becky Weaver,2024-11-26
Krystal Brady,lowerydevin@example.com,001-751-562-9914x8408,New,Unassigned,2024-11-18
Evan Lee,scottsteven@example.com,(868)989-0161x8121,Contacted,Melissa Ortiz,2024-11-18
Jennifer King,christine78@example.net,(725)979-9480x984,New,Becky Weaver,2024-11-28
John Strong,nproctor@example.org,(515)238-2020,Proposal Sent,Becky Weaver,2024-11-22
Michelle Oconnell,karen57@example.com,814-899-0342x5670,New,Melissa Ortiz,2024-11-01
Stephanie Gibson,millernicholas@example.com,563.444.3965,Contacted,Alexandra Harris,2024-11-23
Ronald Shah,frank08@example.com,253.868.7264,New,John Small,2024-11-25
Charles Rivera,growe@example.com,671.265.2306x5810,Qualified,Alexandra Harris,2024-11-24
Anthony Brown,grahamann@example.com,(359)805-4956x43932,Contacted,Alexandra Harris,2024-11-19
Brian Bird,bryantdonna@example.org,+1-318-216-6167,Contacted,Unassigned,2024-11-25
Barbara Zuniga,colemanstephanie@example.net,(460)709-2117x78305,Contacted,Melissa Ortiz,2024-11-01
Jonathan Simpson,mcleansteven@example.com,001-239-558-1306x7187,New,Melissa Ortiz,2024-11-30
James Thompson,ethomas@example.net,+1-381-259-6490,Proposal Sent,Alexandra Harris,2024-11-03
Nicholas Davis,dfrazier@example.org,3582269103,Contacted,John Small,2024-11-28
Tiffany Cisneros,spencercarl@example.net,680-935-3787,Proposal Sent,Alexandra Harris,2024-11-02
Ryan Joyce,edward87@example.org,+1-221-360-5990x9513,Qualified,Melissa Ortiz,2024-11-10
Jim Murphy,ericcooper@example.com,+1-205-382-5846x3139,Closed - Lost,John Small,2024-11-05
Caleb Ramos,hallphilip@example.com,832.974.7641x145,Qualified,John Small,2024-11-30
Monica Cross,zhangtodd@example.com,(843)400-7430x575,Qualified,John Small,2024-11-03
James Estes,janettyler@example.net,001-481-762-2761,Qualified,John Small,2024-11-06
Mr. Curtis Miller,robertskyle@example.org,(300)258-0920x14632,New,Alexandra Harris,2024-11-18
Matthew Stewart,jason05@example.org,001-780-356-7328x86781,Closed - Lost,John Small,2024-11-19
Sheila Keller,jevans@example.com,589.819.5407,Proposal Sent,John Small,2024-11-07
Alison Flores,brandonsmith@example.com,375-590-4943x850,Closed - Lost,Alexandra Harris,2024-11-08
Jared Guzman,whiteashley@example.net,001-205-922-3525x50530,Proposal Sent,John Small,2024-11-08
Kimberly Manning,mstephens@example.net,(351)333-5296x023,Closed - Won,John Small,2024-11-06
Andrew Owen,chelseadurham@example.com,5704003561,Qualified,Becky Weaver,2024-11-05
Tanya Heath,eho@example.net,+1-365-912-8749x988,Qualified,Melissa Ortiz,2024-11-05
Arthur Andersen,howellmelissa@example.org,001-300-597-1041x29233,Qualified,John Small,2024-11-01
Luke Moore,vburton@example.net,001-544-738-1159x910,Contacted,Melissa Ortiz,2024-11-13
Sue Stephens,snyderdenise@example.org,206.744.2303,Closed - Won,John Small,2024-11-11
Jonathan Miller,brentbaker@example.org,772.393.0674,New,Melissa Ortiz,2024-11-03
Jordan Hamilton,rose93@example.org,7786155185,New,John Small,2024-11-24
James Bailey,johnmendoza@example.com,(650)910-7968,Contacted,John Small,2024-11-02
Denise Ward,davidcarr@example.org,702.449.7595,Contacted,Alexandra Harris,2024-11-11
Alexis Sparks,popeelizabeth@example.com,930.877.9453,Qualified,Melissa Ortiz,2024-11-26
Donald Rojas,barrettrhonda@example.org,392-852-4940x96091,Proposal Sent,Alexandra Harris,2024-11-25
Scott Cole,xpotter@example.org,687-584-7078x6556,New,Alexandra Harris,2024-11-23
Denise Nguyen,thenry@example.net,237-822-1352x00152,New,Unassigned,2024-11-09
Jeffrey Byrd,mendozatanya@example.com,548.581.1957x98856,New,John Small,2024-11-24
Valerie Schultz,gowen@example.net,596.968.7775x70008,Qualified,Unassigned,2024-11-12
Sean Gordon,sara06@example.net,(997)399-0278,Contacted,Unassigned,2024-11-12
Melinda Vasquez,ihayes@example.com,7146131801,Contacted,John Small,2024-11-26
Dennis Harrell,mackjustin@example.org,593.443.6905,Contacted,John Small,2024-11-11
Donald Patel,keithdavis@example.org,774.322.0696x8877,Qualified,Melissa Ortiz,2024-11-14
Christine Weber,karen74@example.com,+1-588-358-8485x6785,Qualified,Melissa Ortiz,2024-11-15
Keith Riley,sampsonann@example.com,001-378-811-1311,Closed - Won,Melissa Ortiz,2024-11-16
Mary Lang,warrensusan@example.org,5726014474,Contacted,Becky Weaver,2024-11-13
Victoria Garcia,briggschristopher@example.net,6885962783,Contacted,Melissa Ortiz,2024-11-13
Jason Blankenship,newtonleah@example.com,001-659-835-5979x39525,New,Melissa Ortiz,2024-11-14
Victor Aguilar,seanjohnston@example.net,8063722451,Qualified,Becky Weaver,2024-11-21
Heather Fernandez,david00@example.net,720-561-1733x00653,New,Melissa Ortiz,2024-11-30
Mary Sanders,simmonsjulie@example.com,+1-396-488-0849x001,Qualified,Melissa Ortiz,2024-11-29
Chad Neal,jason21@example.com,743-672-1483x93454,New,John Small,2024-11-15
Sarah Fletcher,tina19@example.net,359.203.6652,New,John Small,2024-11-04
Erin Mullins,wthompson@example.net,(631)534-6117,Contacted,John Small,2024-11-02
Nancy Simpson,mindycordova@example.org,001-565-565-3721x93647,Contacted,John Small,2024-11-18
Benjamin Walker,kimberly98@example.org,914-847-2936,Qualified,Melissa Ortiz,2024-11-11
Raymond Mcbride,brenda88@example.com,001-902-537-9981x50505,Contacted,Unassigned,2024-11-21
Jessica Rodriguez,alexis03@example.org,727.508.3079x920,New,Becky Weaver,2024-11-25
Susan Scott,ncase@example.net,001-427-770-0826x93183,New,Alexandra Harris,2024-11-21
Stephanie Williams,briangilbert@example.com,9902083426,Contacted,Becky Weaver,2024-11-07
Jesse Contreras,vsalazar@example.com,2589952601,Contacted,John Small,2024-11-06
Pamela Dorsey,jason33@example.org,+1-841-374-9905,Proposal Sent,John Small,2024-11-17
Alyssa Cohen,logan06@example.org,001-426-429-7214x3680,Closed - Lost,John Small,2024-11-04
Stephen Krause,gregory10@example.com,592-658-3146,New,Becky Weaver,2024-11-25
Cathy Wright,sarahharrison@example.org,+1-460-390-7314x1363,New,Becky Weaver,2024-11-12
Christy Greene,cooperaaron@example.org,001-636-673-1179,New,Unassigned,2024-11-05
Dalton Bryant,christineross@example.org,(472)240-5016,Qualified,John Small,2024-11-10
Harold Schneider,james98@example.net,(601)652-4863,Contacted,Alexandra Harris,2024-11-17
Traci Jones,kevin79@example.com,7719914047,Contacted,John Small,2024-11-06
Marcus Armstrong,jamesgomez@example.com,001-420-560-9834x7994,Qualified,Becky Weaver,2024-11-13
Nicole Arroyo,cglenn@example.net,+1-792-874-2371,New,John Small,2024-11-30
Eric Vasquez,valerie81@example.org,(429)563-9187x8684,Qualified,Melissa Ortiz,2024-11-15
Rachel Daniels,scott18@example.org,810.716.5963x73130,Qualified,Becky Weaver,2024-11-09
Amber Smith,simpsonbreanna@example.org,(656)200-2149x81065,Qualified,Becky Weaver,2024-11-26
Donna Hays,jamesbrown@example.org,675.847.6174x35570,Qualified,Melissa Ortiz,2024-11-23
Gerald Richardson,ashleysullivan@example.org,249-679-0151x7843,Contacted,John Small,2024-11-27
Steven Tanner,carolyn57@example.org,+1-921-263-7222x0589,New,Becky Weaver,2024-11-22
Ryan Henderson,tammy75@example.net,(678)819-1648,Contacted,Melissa Ortiz,2024-11-10
Lori Lester,holly68@example.org,(973)486-1991x9439,Closed - Lost,Becky Weaver,2024-11-25
James Nunez,beasleyjessica@example.org,390.485.7888x30464,Qualified,Becky Weaver,2024-11-15
Brandon Russell,kmelendez@example.org,001-627-533-5732x406,Proposal Sent,Alexandra Harris,2024-11-13
Ms. Paula Dudley,fullerlindsay@example.net,+1-383-787-3351x2712,Contacted,John Small,2024-11-16
Christine Johnson,mcintoshmichelle@example.com,4386585853,New,Becky Weaver,2024-11-02
Stephanie Ward,vmccullough@example.net,840-966-6834x8077,Contacted,Becky Weaver,2024-11-03
Christopher Ramirez,ularson@example.org,(781)353-1911x87355,New,John Small,2024-11-18
Kelsey Payne,justinkirby@example.com,(654)697-0880x456,Closed - Lost,Melissa Ortiz,2024-11-30
Kathleen Williamson,jonathanpadilla@example.com,(305)337-3128,Contacted,Becky Weaver,2024-11-13
Kelly Dudley,pattersonamy@example.com,887.488.6621,Contacted,Alexandra Harris,2024-11-02
Mrs. Briana Thornton DVM,johnathanlong@example.com,(623)576-3004x569,Qualified,John Small,2024-11-03
Robert Alexander,carmen40@example.org,324.629.0770,Proposal Sent,Alexandra Harris,2024-11-19
Stephanie Daniel,bentleycaleb@example.net,(808)454-3705x54783,Proposal Sent,Unassigned,2024-11-03
Vincent Robinson,cameronturner@example.com,497-217-1481,Contacted,Unassigned,2024-11-16
Melissa Osborne,morrisonyolanda@example.net,819-510-3332x309,Contacted,John Small,2024-11-05
Kelsey Anderson,molly58@example.net,001-424-536-9120x863,Contacted,John Small,2024-11-23
Keith Washington,lmccormick@example.org,612.847.0650,Closed - Won,Alexandra Harris,2024-11-12
Janet Bell,markfernandez@example.net,(350)242-6051x97851,Qualified,Melissa Ortiz,2024-11-11
Kimberly Robinson,jenny57@example.com,624-691-9146x641,Qualified,Unassigned,2024-11-02
Alexis Kline,lbarnes@example.org,222.868.5183x129,Qualified,Becky Weaver,2024-11-23
Mark Campos,jenny88@example.org,630-475-1169x9072,Contacted,John Small,2024-11-16
Alexis Clark,fleblanc@example.net,001-288-384-4796,Contacted,Melissa Ortiz,2024-11-29
Sandra West,zroberts@example.org,(651)526-8286,Contacted,John Small,2024-11-21
Spencer Tran,shelby54@example.net,578.519.5979x083,New,Becky Weaver,2024-11-13
Thomas Nelson,gnelson@example.com,(980)324-3064x711,Closed - Lost,Unassigned,2024-11-18
Duane Jackson,torreschristine@example.net,719.565.5801x9320,Contacted,Melissa Ortiz,2024-11-11
Andrea Grant,tracy27@example.com,360.930.2636x599,Contacted,John Small,2024-11-26
Robin Franco,hoffmanbryce@example.net,794-579-7443x29080,Qualified,Melissa Ortiz,2024-11-21
Margaret Thompson,pgoodwin@example.org,+1-810-559-5932x8464,Contacted,Alexandra Harris,2024-11-08
Diane Castillo,charlesbrandy@example.com,497.379.1441x54389,Closed - Lost,John Small,2024-11-20
Taylor Harrell,aadams@example.com,902-718-5574x1418,Closed - Lost,Unassigned,2024-11-07
Linda Jones,owensmary@example.com,+1-490-502-4903x8758,Contacted,John Small,2024-11-01
Dr. Charles Castro,shaunsolomon@example.net,850-387-8713x8430,New,John Small,2024-11-13
Dr. Stephanie Anderson,charlesbarnett@example.org,7362101470,Proposal Sent,John Small,2024-11-22
Victoria Lopez,jonathan27@example.org,376.380.1772x612,New,Becky Weaver,2024-11-06
Larry Martinez,shannon68@example.org,3163230752,Contacted,Melissa Ortiz,2024-11-01
Thomas White,lopeztimothy@example.net,001-710-265-2942x7751,Contacted,John Small,2024-11-01
Anthony Fox,pgriffin@example.org,+1-700-378-1918x8270,Qualified,Becky Weaver,2024-11-04
Theresa Rodriguez,brittany59@example.com,555.850.3623,Contacted,Melissa Ortiz,2024-11-10
Sarah Turner,nancy29@example.org,001-386-367-6924x63207,New,Alexandra Harris,2024-11-01
David Mcguire,chartman@example.com,279-650-0245x2361,Closed - Lost,Unassigned,2024-11-29
Amber Young,james10@example.net,(505)852-5450,Contacted,Unassigned,2024-11-02
Yvette Myers,sandrahall@example.org,812-616-9691x270,New,Melissa Ortiz,2024-11-03
Kimberly Walker,jacoblawrence@example.com,820-789-9769,Qualified,Unassigned,2024-11-16
Thomas Moyer,brandon19@example.com,(660)743-3485x975,Contacted,John Small,2024-11-30
Dylan Davis,francisco12@example.com,7897045392,Qualified,John Small,2024-11-09
Christine Mckee,ugutierrez@example.org,(652)354-6365,Qualified,John Small,2024-11-27
Michael Wolf,lwilliams@example.org,289.669.4468x434,Qualified,Becky Weaver,2024-11-10
Thomas Young,jeremyreed@example.org,422.201.7144x612,Closed - Won,Alexandra Harris,2024-11-21
Jennifer Ellison,kristenstafford@example.org,3098620853,Contacted,Becky Weaver,2024-11-14
David Moses,obanks@example.org,(805)460-3423x21635,New,Becky Weaver,2024-11-04
Stephanie Price,jessica77@example.com,968.292.9274x77224,Qualified,Alexandra Harris,2024-11-07
Jeremy Hunter,jacob50@example.com,001-496-849-5492x64024,Proposal Sent,Melissa Ortiz,2024-11-18
Amy Villanueva,thicks@example.com,001-909-799-5570x51076,New,Becky Weaver,2024-11-27
Blake Diaz,brice@example.com,5609514117,Closed - Lost,John Small,2024-11-12
Rebekah Phillips,williamsjody@example.com,571.927.8911,New,Unassigned,2024-11-28
Gabriella Briggs,wsimpson@example.net,4819224615,Contacted,Alexandra Harris,2024-11-30
Benjamin Camacho,johnsonrichard@example.com,(987)415-7355x78155,Proposal Sent,Becky Weaver,2024-11-30
Katrina Shepherd,alexisrobinson@example.net,(872)840-8767x4813,New,Melissa Ortiz,2024-11-07
David Cobb,michaelcarpenter@example.com,001-961-377-3162x68822,Contacted,Unassigned,2024-11-22
Cory Ayala,sharon52@example.com,001-467-441-4618x44561,New,Alexandra Harris,2024-11-14
Jessica Peters,nolanchelsea@example.org,+1-686-527-4194,Proposal Sent,John Small,2024-11-19
Angela Barker,omartin@example.net,301.743.7247,Qualified,Becky Weaver,2024-11-03
Michael Cook,elizabethhicks@example.net,+1-904-890-9291,Qualified,Alexandra Harris,2024-11-30
Nicole Williams,juanflores@example.org,791.600.4582,Contacted,Becky Weaver,2024-11-14
Ms. Erin Thompson MD,darrenmorrison@example.org,+1-973-256-7105x6437,Contacted,Melissa Ortiz,2024-11-18
Scott Soto,john71@example.net,001-486-826-1838x80769,Contacted,Alexandra Harris,2024-11-13
Mary Sampson,vdickerson@example.org,+1-797-799-6815x3843,Contacted,Melissa Ortiz,2024-11-20
Carrie Martinez,pmartinez@example.com,814-574-4914x16877,Closed - Won,Becky Weaver,2024-11-10
Tina Campos,taylorwilliams@example.org,324.914.0980x976,Contacted,Becky Weaver,2024-11-11
Wayne Taylor,josephwright@example.com,253-474-9018x104,Qualified,Melissa Ortiz,2024-11-03
Jason Farmer,ricardo76@example.net,+1-456-995-3252x668,Closed - Won,Becky Weaver,2024-11-27
Mrs. Tiffany Johnson,sara26@example.com,+1-978-797-3967x17615,New,John Small,2024-11-21
Katie Newman,tbarnes@example.net,001-665-202-4650x0477,Contacted,Alexandra Harris,2024-11-22
John Gibson,hoodbrandon@example.com,859.853.0374x60211,Contacted,Melissa Ortiz,2024-11-02
Ms. Jennifer Griffin,derrick79@example.org,001-355-561-5196x725,Contacted,Becky Weaver,2024-11-20
Laura Gill,hollyrobinson@example.com,(235)322-5675x0304,Contacted,Becky Weaver,2024-11-01
Robert Smith,raymond17@example.com,2292296529,Contacted,Alexandra Harris,2024-11-23
Latoya Cooper,bennettdaryl@example.net,347-770-0731x488,Contacted,Unassigned,2024-11-22
Stephen Mcdonald,brichards@example.com,001-333-356-8122,New,Becky Weaver,2024-11-16
Audrey Randall,shelley99@example.com,(235)786-9222,Qualified,John Small,2024-11-20
April Golden,jamesdavid@example.com,+1-482-944-1847x325,Proposal Sent,Becky Weaver,2024-11-22
Molly Price,david59@example.org,771-598-8815,Closed - Won,John Small,2024-11-08
Desiree Miller,breeves@example.com,266.360.7590x499,Contacted,Becky Weaver,2024-11-14
Jose Rose,jackgolden@example.org,873.350.9267,Contacted,Becky Weaver,2024-11-08
Wendy Dickerson,amanda09@example.net,(614)330-2195,Closed - Lost,Alexandra Harris,2024-11-29
Christopher Green,ereynolds@example.net,5479350981,Contacted,Alexandra Harris,2024-11-09
Joshua Greene,guerrerokatherine@example.com,(302)864-9083x934,Closed - Won,Melissa Ortiz,2024-11-25
Derrick Simon,hwarren@example.com,206-795-8349x3767,New,Melissa Ortiz,2024-11-27
Connie Roberts,michaelperez@example.org,(559)460-4978,Closed - Lost,Becky Weaver,2024-11-12
Rhonda Miller,rebeccamalone@example.org,+1-749-657-3791x244,Contacted,Alexandra Harris,2024-11-11
Lance Melendez,rebeccamoran@example.net,980-418-8553x38531,Qualified,Unassigned,2024-11-22
Samuel Hawkins,jason58@example.net,385.434.2593,Qualified,Unassigned,2024-11-12
Diane Mcbride,qlynch@example.com,001-573-457-0140,New,Alexandra Harris,2024-11-05
Nathan Schmidt,hallcharles@example.org,277-280-8356,New,John Small,2024-11-19
Chris Watts,hamiltongeorge@example.com,001-948-485-5405x8172,Contacted,Melissa Ortiz,2024-11-14
Justin Mills,tara57@example.com,001-389-882-6343x32994,New,Unassigned,2024-11-25
Michelle Hoffman,esimpson@example.org,(632)791-3433x65569,Contacted,Unassigned,2024-11-14
Regina Dunn,nicholasmoreno@example.net,001-278-611-3650x0143,Closed - Won,Melissa Ortiz,2024-11-23
Jennifer Jackson,danielallen@example.net,3599127660,Proposal Sent,Becky Weaver,2024-11-07
Travis Hinton,mary91@example.net,+1-539-725-3340,Qualified,Unassigned,2024-11-23
Carlos Evans,corymartin@example.org,001-984-930-2303,New,Becky Weaver,2024-11-12
Ryan Young,terrimanning@example.org,(857)307-5695,Contacted,Alexandra Harris,2024-11-26
Elizabeth Smith,nathanlee@example.com,624-882-6059x62929,New,Unassigned,2024-11-28
Ashley Reynolds,garzatracy@example.net,611.258.9275x308,Contacted,Becky Weaver,2024-11-05
Taylor Buck,spencerblevins@example.org,8198693887,Qualified,Alexandra Harris,2024-11-03
Mike Alvarado,xgreen@example.net,+1-718-590-5214x596,Contacted,Melissa Ortiz,2024-11-01
Christine Hansen,hhowell@example.com,+1-438-243-4462x7119,Contacted,Unassigned,2024-11-21
Kelsey Peterson,ashleyadams@example.org,(283)991-8848x94229,New,Becky Weaver,2024-11-23
Joe Stewart,brian50@example.org,(473)443-5049,Qualified,Becky Weaver,2024-11-04
Michelle Rodriguez,amy46@example.com,971.899.0951,Contacted,Becky Weaver,2024-11-14
Joseph Perez,patriciaharris@example.com,2463144806,Proposal Sent,Melissa Ortiz,2024-11-23
Robin Johnson,hernandezangela@example.net,2965162268,New,Melissa Ortiz,2024-11-22
Robert Cisneros,xsilva@example.net,001-967-896-1987x8385,New,John Small,2024-11-13
Brittany Brown,scottevan@example.net,001-829-216-1911x2939,Contacted,John Small,2024-11-01
Jennifer Hayes,james60@example.org,3737339640,Proposal Sent,Alexandra Harris,2024-11-13
Joyce Dunn,colleenjensen@example.net,(532)349-1786,New,Becky Weaver,2024-11-01
Daisy Bailey,dreilly@example.com,(524)214-9585x4937,New,John Small,2024-11-09
Lisa Wilson MD,shermandawn@example.org,+1-469-961-4289x679,New,Melissa Ortiz,2024-11-07
Nicole Moore,greg13@example.org,(779)925-1362x92482,New,Alexandra Harris,2024-11-01
Nicole Sherman,hermanmatthew@example.org,+1-629-817-1534x158,Contacted,John Small,2024-11-05
Angel Snow,sarah71@example.org,9599321799,Contacted,John Small,2024-11-17
Jason Henry,owade@example.com,998.751.0892x219,Qualified,Becky Weaver,2024-11-12
Thomas Martinez,michael83@example.com,543-613-6226,Qualified,John Small,2024-11-17
Robert Martin,vmitchell@example.org,001-386-433-6898,Qualified,Melissa Ortiz,2024-11-15
Tara Reynolds,coreythomas@example.com,+1-730-865-2387x54617,New,Becky Weaver,2024-11-22
Susan Smith,alicialee@example.net,(711)898-2386x67977,Qualified,Becky Weaver,2024-11-05
Christina Garrett,kjefferson@example.net,001-864-569-7649,Closed - Won,John Small,2024-11-24
Robert Perez,robin77@example.com,(283)897-4135x841,Contacted,Unassigned,2024-11-02
Anita Dougherty,leejonathan@example.com,595-240-4378,Proposal Sent,Unassigned,2024-11-26
Ray Wiggins,hrodriguez@example.net,+1-559-680-0234x0784,Qualified,John Small,2024-11-19
Jodi Moore,edennis@example.net,893-387-4716,Proposal Sent,Melissa Ortiz,2024-11-29
Katherine Holloway,dunlaprebecca@example.com,+1-683-931-0003,Qualified,Becky Weaver,2024-11-07
John Miles,deleonmichael@example.org,(370)579-4221,New,Melissa Ortiz,2024-11-09
Kenneth Henderson,pamela14@example.org,(871)776-2796,Closed - Lost,Melissa Ortiz,2024-11-28
Jessica Stanton,williamsbetty@example.net,761-850-5311x67730,New,Melissa Ortiz,2024-11-09
Keith May,maciaskaren@example.org,001-671-559-5600,Contacted,John Small,2024-11-14
Robin Gray,erin54@example.com,680-897-3371x981,Closed - Won,Becky Weaver,2024-11-22
Carlos Cox,fwalker@example.org,896-989-8593x843,Contacted,Unassigned,2024-11-28
Levi Weaver,sharonhenderson@example.org,2602689956,Qualified,Becky Weaver,2024-11-12
Jessica Howell,zvargas@example.net,217-311-9398,New,Alexandra Harris,2024-11-13
Courtney Peck,josewright@example.net,877-656-0423,Closed - Lost,John Small,2024-11-18
Maria Waters,zallison@example.net,858-463-7546,Proposal Sent,Unassigned,2024-11-08
Hannah Perez,smithjulie@example.com,(283)441-3909,Closed - Lost,John Small,2024-11-09
Betty Lara,lindseycoleman@example.net,777.910.9165x8233,New,Becky Weaver,2024-11-23
Linda Gill,qhill@example.net,001-810-727-3978x8911,New,Melissa Ortiz,2024-11-04
John Faulkner,jennifer95@example.net,459-924-3368x795,Proposal Sent,Alexandra Harris,2024-11-18
Brittany Smith,debra94@example.net,(250)229-2510,New,John Small,2024-11-01
Mark Graves,jonesjon@example.net,+1-482-870-4630x09669,New,John Small,2024-11-20
Michael Kelly,ydelacruz@example.com,+1-226-728-7610x79333,Contacted,John Small,2024-11-19
Daniel Cameron,taylorcraig@example.com,(201)492-7357,Qualified,Becky Weaver,2024-11-09
Dr. Michele Martinez,sdavis@example.com,(832)459-4587x2567,Contacted,Becky Weaver,2024-11-29
Anne Hoffman,christopher60@example.org,001-848-721-9440,New,Melissa Ortiz,2024-11-16
Jennifer Brooks,scottjeremiah@example.com,001-717-524-6724x2143,Qualified,Melissa Ortiz,2024-11-18
Lisa Davis,nicholasperez@example.org,949.932.5696x821,Contacted,Melissa Ortiz,2024-11-21
Lisa Patterson,jacksondaniel@example.org,(589)240-6619x57481,Contacted,John Small,2024-11-06
Tracy Gamble,susan92@example.com,974.385.2642x454,Qualified,Becky Weaver,2024-11-02
Marie Durham,saramcdonald@example.org,001-649-521-2733,New,Becky Weaver,2024-11-15
Jane Garcia,michaeljohnson@example.com,(453)299-0391,New,Alexandra Harris,2024-11-30
Tara Mann,dilloncolin@example.com,001-665-616-3838x21243,Contacted,John Small,2024-11-03
Matthew Burnett,biancapatterson@example.com,(907)738-7761,Contacted,Melissa Ortiz,2024-11-01
Tanya Baker,dickersonerin@example.org,001-260-775-1685x101,New,John Small,2024-11-22
Mrs. Julie Rangel,villarrealjames@example.com,642.791.3769,New,Melissa Ortiz,2024-11-19
Jeffrey Turner,jacqueline98@example.net,635-873-7951,New,Melissa Ortiz,2024-11-18
Sierra Johnson,shannonhamilton@example.net,932.259.7081x97776,Qualified,Melissa Ortiz,2024-11-17
Michael Ballard,othomas@example.com,(876)995-8142,Qualified,John Small,2024-11-09
Mark Brown,alexstark@example.com,481.648.6245x0667,New,John Small,2024-11-03
Richard Harris,xeverett@example.net,(789)805-5599,Contacted,Unassigned,2024-11-14
James Barnes,hbartlett@example.org,+1-644-762-7660x1941,Contacted,Alexandra Harris,2024-11-18
Amanda Brown,jaredpace@example.org,886.256.4214,Closed - Won,Unassigned,2024-11-29
James Knight,dcontreras@example.com,285-230-9828x4454,Qualified,Unassigned,2024-11-14
Steven Matthews,markskevin@example.org,001-368-557-3915x61137,Contacted,Melissa Ortiz,2024-11-26
Jennifer Hanson,sscott@example.net,+1-447-859-4263x4062,Contacted,Melissa Ortiz,2024-11-27
Casey Montoya,wheelerzachary@example.com,2327929160,New,Unassigned,2024-11-15
Mary Barnes,lynn30@example.org,001-397-564-5615x3048,Closed - Lost,John Small,2024-11-03
Valerie Esparza,patrickenglish@example.org,921-617-3330,Contacted,Melissa Ortiz,2024-11-23
Mark Arnold,qherring@example.com,+1-259-987-4393x0583,Contacted,Becky Weaver,2024-11-05
Tiffany Flores,alvaradorobert@example.com,001-385-570-0442x260,Contacted,Unassigned,2024-11-10
Patricia Willis,bhicks@example.org,001-668-495-0721x85831,Qualified,Unassigned,2024-11-04
Brian Pena,thomas82@example.net,001-897-722-8043x17753,Contacted,John Small,2024-11-20
Cindy Brooks,liuvictoria@example.org,8282660773,New,Unassigned,2024-11-01
Caitlin Long,nkelley@example.com,001-551-732-0578x768,Proposal Sent,John Small,2024-11-08
Jack Chambers,hesterjames@example.net,953-760-5074x911,Qualified,John Small,2024-11-23
Matthew Johnson,kdavis@example.org,437.670.7587,Proposal Sent,John Small,2024-11-27
Julie Simon,smithjessica@example.net,(305)288-6281,New,Becky Weaver,2024-11-14
Anna Horton,debragarner@example.net,(203)761-2922x36462,Proposal Sent,Alexandra Harris,2024-11-01
Stacey Costa,karina68@example.net,+1-361-966-5109x75894,New,Melissa Ortiz,2024-11-09
John Collins,averygregory@example.com,7803876921,New,John Small,2024-11-29
Diane Edwards,edwardschristina@example.com,372.784.3434x3015,New,John Small,2024-11-03
Tracy Massey,maria56@example.net,001-985-693-7635x363,Contacted,Melissa Ortiz,2024-11-08
April Kerr,phillipshea@example.org,778.251.1626x87483,Contacted,Unassigned,2024-11-05
Cynthia Lewis,richardtucker@example.com,+1-877-680-9766,Contacted,John Small,2024-11-18
Diana Jenkins,hudsonkimberly@example.com,955.641.8074,New,Melissa Ortiz,2024-11-05
Collin Zuniga,meghanramirez@example.org,+1-898-216-7130x8535,Qualified,Melissa Ortiz,2024-11-14
Maria Price,mgreen@example.net,(213)767-6313,Contacted,John Small,2024-11-22
Pamela Garrett,jessicahendrix@example.net,001-347-738-6248,Contacted,John Small,2024-11-19
Tamara Jenkins,owaters@example.com,611.304.5863,Contacted,Alexandra Harris,2024-11-10
Rachel Pierce,greensharon@example.net,8745686562,New,Becky Weaver,2024-11-20
Christy Giles,ajohnson@example.net,578.914.7874,Closed - Won,Becky Weaver,2024-11-27
Amy White,chad71@example.org,233-302-3786,Proposal Sent,Becky Weaver,2024-11-23
Melissa Smith,robinsontricia@example.net,+1-226-236-3427x99080,New,Becky Weaver,2024-11-22
Brandi Kelly,sonya39@example.net,594.561.1333,New,Becky Weaver,2024-11-29
Matthew Luna,zacharylopez@example.net,001-964-607-3545x06886,Contacted,John Small,2024-11-24
Erik Rodriguez,jensenalexis@example.net,+1-638-691-7107x898,Qualified,Becky Weaver,2024-11-10
Sandra Bush,elizabeth52@example.com,657.796.5062x324,New,Unassigned,2024-11-18
Melissa White,jessicadaugherty@example.org,(503)838-4702x72238,Proposal Sent,Melissa Ortiz,2024-11-15
Miss Jacqueline Cook,bwhite@example.org,001-962-489-3691x9906,Proposal Sent,Becky Weaver,2024-11-02
Melissa Stone,boydjoe@example.com,873-558-2213,Proposal Sent,Alexandra Harris,2024-11-12
Michael Weaver,tinamitchell@example.org,236-755-2025x66895,Qualified,Melissa Ortiz,2024-11-22
Joseph Hodge,courtney69@example.com,870.206.5084,Contacted,John Small,2024-11-25
Jimmy Carr,shari31@example.net,906.643.2401x208,Contacted,Becky Weaver,2024-11-15
Benjamin Maxwell,parkermegan@example.com,414.291.6242x61487,Contacted,John Small,2024-11-29
William Day,ramirezjacob@example.com,(998)377-1917x5642,Closed - Lost,Melissa Ortiz,2024-11-03
Morgan Gonzales,barbarakeller@example.net,815.812.6452,Contacted,John Small,2024-11-08
Gerald Zamora,kimberly91@example.net,001-456-513-9964,New,John Small,2024-11-28
Martin Nichols,beckerkathleen@example.com,(668)674-1685x227,Closed - Won,Becky Weaver,2024-11-04
Nathaniel Chan,crystalkennedy@example.com,+1-815-504-4461x3522,Qualified,John Small,2024-11-09
Carlos Ashley,richard21@example.org,+1-753-417-0575x9459,Proposal Sent,Becky Weaver,2024-11-06
Michelle Moore,martinezmary@example.com,664-595-5826x151,New,Alexandra Harris,2024-11-22
William Rodgers,russell56@example.net,332-271-9699x6480,New,Melissa Ortiz,2024-11-04
John Banks,shiggins@example.com,+1-207-991-2559,Proposal Sent,Melissa Ortiz,2024-11-03
Yvonne Ellis,juliacarr@example.com,001-963-840-0273,Qualified,Becky Weaver,2024-11-02
Madeline Hays,alextorres@example.net,001-304-382-1400,New,John Small,2024-11-29
Sharon Munoz,jaime19@example.net,(903)687-0334x3715,Qualified,Alexandra Harris,2024-11-17
William Jones,emily84@example.com,9552206712,Contacted,John Small,2024-11-14
Amy Carson,preyes@example.com,(819)283-1839x95138,New,Becky Weaver,2024-11-07
Kenneth Charles,cassandrahunter@example.org,320-774-0169x447,New,Unassigned,2024-11-16
James Hinton,vasquezcathy@example.org,001-512-448-4926,New,Melissa Ortiz,2024-11-28
Julie Wells,michael95@example.org,811.542.1893x492,Contacted,Melissa Ortiz,2024-11-03
Briana Greene,jamesfrank@example.com,001-676-662-4617,Qualified,Melissa Ortiz,2024-11-13
Matthew Harrison,qnguyen@example.com,+1-961-520-9090x2311,New,Unassigned,2024-11-12
Steven Vaughn,simmonsdylan@example.net,001-585-246-4030x33751,Contacted,Unassigned,2024-11-29
Brad Cole,sethvazquez@example.org,869.280.3426x3380,New,Becky Weaver,2024-11-23
Dale Steele,lauren36@example.org,+1-964-455-7637,Qualified,Melissa Ortiz,2024-11-18
Alan Mccann,sarahbarnes@example.org,+1-814-500-1993x08849,Qualified,Unassigned,2024-11-21
Terry Jones,kara54@example.org,456.415.9576,Qualified,Alexandra Harris,2024-11-28
Laura Chan,victor67@example.org,001-974-975-0379,Contacted,John Small,2024-11-10
Roberta Bowman,austinronald@example.org,+1-784-829-0284x290,Qualified,Melissa Ortiz,2024-11-29
Kathryn Mclean,valenzuelamichael@example.net,857.593.0383x768,New,Melissa Ortiz,2024-11-09
Dennis Anthony,michaelmcclure@example.net,768.498.8254,Qualified,Becky Weaver,2024-11-13
Martin Jackson,deanna19@example.net,001-893-491-9732x690,Contacted,John Small,2024-11-28
Kara Jones,hford@example.org,001-945-465-9285x2173,New,John Small,2024-11-06
Jeff Russell,jaimegarcia@example.net,562-567-5283,Qualified,Melissa Ortiz,2024-11-27
Tasha Willis,bkeith@example.com,(718)317-6718,Contacted,Melissa Ortiz,2024-11-14
Grant Fisher,mdouglas@example.net,001-233-826-4985,New,Unassigned,2024-11-01
Patrick Perez,ypatterson@example.org,(382)612-2874x714,New,Alexandra Harris,2024-11-02
Jason Johnson,pughkevin@example.net,+1-997-707-4286x20755,New,Alexandra Harris,2024-11-08
Jason Reese,pearsonwilliam@example.org,5684373114,New,Unassigned,2024-11-25
Jennifer Choi,abauer@example.com,2333583022,Contacted,Melissa Ortiz,2024-11-20
Laura Henry,tmoore@example.org,001-525-771-9451,Qualified,Alexandra Harris,2024-11-05
Ashley Taylor,grace39@example.org,(492)897-2408,Closed - Lost,Becky Weaver,2024-11-16
Mrs. Cathy Myers,kimberly66@example.net,001-449-653-9412,Contacted,Unassigned,2024-11-20
Ronald Mills,fchandler@example.org,(617)575-7043x03212,Closed - Lost,Alexandra Harris,2024-11-12
Christina Griffith,lydiarandall@example.org,(357)754-8303,Contacted,Alexandra Harris,2024-11-05
Alexander Ramos,julie96@example.net,+1-250-406-8195,New,Alexandra Harris,2024-11-23
Angela Lewis,virginianorris@example.com,(873)361-8609,Contacted,John Small,2024-11-27
Evan Wilkins,scottbullock@example.org,968.333.1638x0258,Closed - Lost,Unassigned,2024-11-26
Luis Booth,qlarson@example.net,353-963-5242,New,Melissa Ortiz,2024-11-17
Belinda Wilson,stephanie48@example.net,001-898-497-9080x003,Closed - Lost,Becky Weaver,2024-11-12
John Harris,jesus11@example.net,8293560687,Contacted,Melissa Ortiz,2024-11-05
David Beard,waynelyons@example.org,+1-583-658-3072x48972,Contacted,Becky Weaver,2024-11-13
Brenda Collins,ljohnson@example.org,871-559-5725x359,New,Melissa Ortiz,2024-11-17
Christina Golden,ashleybaker@example.net,+1-710-227-4323,Proposal Sent,John Small,2024-11-30
Eric Watkins,twright@example.net,001-449-247-5182x9952,New,Alexandra Harris,2024-11-03
Darius Carlson,qbaxter@example.net,+1-632-850-8095x696,Qualified,Becky Weaver,2024-11-30
Kari Burns,austin26@example.net,+1-689-483-5252,Contacted,Becky Weaver,2024-11-15
William Cisneros,lisa87@example.net,542-956-8278x85661,New,Melissa Ortiz,2024-11-03
Heidi White,kelleyanthony@example.net,(757)387-5582,Closed - Lost,Alexandra Harris,2024-11-17
Wyatt Black MD,zachary86@example.net,+1-794-235-4988x6622,Contacted,Alexandra Harris,2024-11-30
Barbara Taylor,dlawson@example.org,+1-920-935-1781,Contacted,Becky Weaver,2024-11-03
Jose Griffith,moniquemartin@example.org,(577)735-4246x41260,Contacted,Alexandra Harris,2024-11-26
George Charles,thomassantiago@example.org,660-277-4394,New,Becky Weaver,2024-11-05
Jessica Wood,lauren59@example.org,001-386-360-8429x14670,Contacted,Melissa Ortiz,2024-11-18
Melissa Smith,gonzalezmegan@example.org,+1-524-602-0416x89962,Qualified,John Small,2024-11-29
Dr. Mary Murray,rowemaria@example.net,756-992-9804,New,Alexandra Harris,2024-11-21
Jose Green,mclaughlincarrie@example.net,4393687521,New,Melissa Ortiz,2024-11-09
Melinda Soto,jonesjesse@example.net,(505)208-1673x6406,Contacted,Melissa Ortiz,2024-11-26
Katherine Diaz,lopezmegan@example.org,(525)951-9256,New,Becky Weaver,2024-11-15
Lisa Barker,halljohn@example.com,461-218-8256x18631,Contacted,Melissa Ortiz,2024-11-08
Christine Stevenson,mark86@example.net,808.943.3921x5093,Contacted,Alexandra Harris,2024-11-12
Mr. Jonathan Webb PhD,toddmeza@example.net,+1-488-852-8640x526,New,Melissa Ortiz,2024-11-21
Linda Vazquez,lesliebranch@example.org,+1-428-931-2439x933,New,John Small,2024-11-19
Jonathan Casey,hectorholden@example.org,+1-471-581-9940x933,New,Unassigned,2024-11-09
Taylor Henderson DVM,sara09@example.net,001-844-260-7005x546,New,Melissa Ortiz,2024-11-27
Summer Carroll,dereklewis@example.org,718-860-3115x279,Contacted,Becky Weaver,2024-11-04
Mr. Bryan Crawford,davisashley@example.com,(477)671-1835,Contacted,John Small,2024-11-22
Heather Bates,emckinney@example.org,001-247-292-5723x0194,Qualified,Melissa Ortiz,2024-11-15
Christopher Robinson,bautistacolin@example.com,396-569-1383x668,Proposal Sent,Melissa Ortiz,2024-11-13
Philip Gonzalez,xpetty@example.net,600-451-8715x43197,New,Alexandra Harris,2024-11-09
Katherine Taylor,brandon75@example.net,(630)953-4401,Qualified,John Small,2024-11-20
Brent Conner,biancacummings@example.net,(898)572-9086x56771,Proposal Sent,Alexandra Harris,2024-11-05
Kristin Wright,vfleming@example.org,847-539-1385x54018,Contacted,Melissa Ortiz,2024-11-30
Carol Lane,brooksjulian@example.net,(209)305-5004x424,New,Becky Weaver,2024-11-23
Douglas Hernandez,carla00@example.net,(307)649-2872x2702,New,John Small,2024-11-09
Kenneth Mitchell,floresamy@example.com,601-919-7015x20026,Contacted,Melissa Ortiz,2024-11-18
Dorothy Moore,nhull@example.org,374-654-3484,New,Alexandra Harris,2024-11-19
Alyssa Martin,joseph57@example.com,(839)647-1009,New,John Small,2024-11-06
Ryan Harrison,virginia22@example.org,801-347-2269x2140,Contacted,Unassigned,2024-11-03
Patrick Jones,josephdarryl@example.net,673.709.5903x50146,Qualified,Melissa Ortiz,2024-11-25
Cheryl Payne,michaelrivera@example.net,001-915-702-0480x83727,Proposal Sent,Becky Weaver,2024-11-01
Tina Martin,padillaalexandra@example.net,001-930-553-7565x7029,Contacted,John Small,2024-11-18
Stephen Williams,karengrant@example.org,(467)631-0077x3009,New,Becky Weaver,2024-11-23
Elijah Peterson,cassandra79@example.net,001-270-573-9123x09678,Closed - Won,Alexandra Harris,2024-11-11
Anthony Parker DDS,fred35@example.net,569-993-4344,Contacted,John Small,2024-11-21
Douglas Richardson,emma72@example.org,438-298-5006x4295,Qualified,Melissa Ortiz,2024-11-07
Joseph West DDS,seanbrown@example.net,(398)595-3581x871,Qualified,John Small,2024-11-19
John Woods,stephendavis@example.com,(263)464-6621x312,Qualified,Alexandra Harris,2024-11-22
Paula Miller,whitealicia@example.net,001-578-318-2082,Contacted,Melissa Ortiz,2024-11-21
Sarah Ward,hhughes@example.org,7728573764,Proposal Sent,Alexandra Harris,2024-11-08
Jason Collins,patrick43@example.com,(456)789-1951x7503,Proposal Sent,Melissa Ortiz,2024-11-07
Michele Mcdowell MD,facosta@example.net,456.510.8435x6870,Qualified,John Small,2024-11-27
Cody Cunningham,vickihoward@example.com,(788)469-6659x6239,New,Unassigned,2024-11-02
Martin Hicks,fjohnson@example.org,727.389.7005x27002,Closed - Lost,Becky Weaver,2024-11-23
Jennifer Smith,scrawford@example.net,733-301-3416x720,New,Becky Weaver,2024-11-15
Edwin Knight,manuelpowell@example.com,(790)992-9859x20494,Qualified,Melissa Ortiz,2024-11-16
Lori Mcdowell,michelle72@example.com,(747)285-2047,Qualified,Becky Weaver,2024-11-28
Michael Jenkins,melissa26@example.com,+1-435-459-9272x81486,Qualified,John Small,2024-11-11
Robert Perkins,jessicasalazar@example.org,+1-327-893-4100x060,New,Alexandra Harris,2024-11-09
Debra Griffin DDS,katiehahn@example.com,(444)436-7957x1183,Contacted,John Small,2024-11-19
Victoria James,dcastillo@example.org,350.501.2550x24359,Qualified,Alexandra Harris,2024-11-12
Sarah Mullen,abooker@example.net,001-544-991-8910x6252,New,Melissa Ortiz,2024-11-18
Robert Ortiz,brendanferguson@example.org,645-330-0481,Qualified,Melissa Ortiz,2024-11-16
Darren Owens,ibarraelizabeth@example.org,839.555.9028x262,Qualified,John Small,2024-11-09
Anna Castillo,jermainehayes@example.org,922.421.6962,Closed - Lost,Alexandra Harris,2024-11-13
Jenna Stanley,jessicawilson@example.com,+1-720-365-4654x194,New,Becky Weaver,2024-11-12
Patrick Jones,richardmclean@example.com,620-866-1506x5058,Proposal Sent,Melissa Ortiz,2024-11-11
Sandra Nolan,huffmanstephanie@example.org,001-545-641-4913,New,Becky Weaver,2024-11-25
Albert Roberts,osbornedonald@example.com,668-648-1577,New,Becky Weaver,2024-11-07
Marilyn Pierce,mccormickwilliam@example.com,+1-705-637-3102x32979,New,Unassigned,2024-11-27
Dr. Rachel Peters,nmitchell@example.net,001-876-810-4412x671,Contacted,Melissa Ortiz,2024-11-05
Susan Ellis,gpope@example.org,001-246-535-7027x78395,Closed - Lost,John Small,2024-11-04
Kelli Davis,inelson@example.com,338.531.1214x4881,New,John Small,2024-11-22
Drew Baird,jerrywoods@example.net,218-234-4966,Qualified,Unassigned,2024-11-08
Barbara Taylor,zhall@example.com,001-371-363-3499x22856,Contacted,John Small,2024-11-12
William Keith,lawrencelori@example.org,467.370.0413,Contacted,Melissa Ortiz,2024-11-03
Susan Dixon,mirandajulie@example.net,819.820.9700,Closed - Won,Melissa Ortiz,2024-11-04
William Ingram,zachary79@example.org,001-908-901-2101,Qualified,Becky Weaver,2024-11-29
Katherine Carlson,gcrawford@example.com,(866)981-8310x6834,New,Unassigned,2024-11-27
Stephanie Barry,gbaker@example.com,879.669.1293x04625,Proposal Sent,Becky Weaver,2024-11-07
Ana Brown,carrolljacob@example.org,(930)957-0803,New,Melissa Ortiz,2024-11-12
Rebecca Riley,heathercrawford@example.net,001-851-788-9023,New,Melissa Ortiz,2024-11-10
Victoria Hudson,hjackson@example.com,4514145243,Contacted,Melissa Ortiz,2024-11-06
Sarah Johnson,chadharris@example.org,615.779.4492,New,Melissa Ortiz,2024-11-30
Wayne Taylor,richard21@example.org,+1-707-884-9213,Proposal Sent,John Small,2024-11-05
Jeffrey Mccann,quinndanielle@example.org,618.676.5127,New,Melissa Ortiz,2024-11-13
Stephanie Mitchell,mcculloughcatherine@example.net,(814)363-1095x665,New,Becky Weaver,2024-11-18
Andrea Romero,jessicadavis@example.net,8222887109,Closed - Lost,John Small,2024-11-17
Francisco Evans,emily56@example.net,001-354-424-1897x54327,New,Unassigned,2024-11-27
Keith Lee,dwells@example.com,596-524-4779x9606,Contacted,Unassigned,2024-11-16
Matthew Simmons,barrettcurtis@example.com,5378466438,New,Alexandra Harris,2024-11-18
Mr. Chris Gomez,abaker@example.org,735.488.8919x9347,Closed - Won,Becky Weaver,2024-11-27
Chad Krueger,jeanette16@example.net,(508)613-4895x26884,Qualified,Alexandra Harris,2024-11-14
David Reid,isaiah27@example.net,001-477-696-7003x84084,New,John Small,2024-11-13
Thomas Cummings,barrettwilliam@example.net,001-278-667-0328x531,Contacted,Unassigned,2024-11-07
Mr. Peter Arnold,bwatkins@example.org,001-783-441-7029x8242,Contacted,John Small,2024-11-09
Brenda Miller,wellsshawn@example.net,826-966-3640,Contacted,Alexandra Harris,2024-11-05
Joel Hayes,crystal07@example.org,(556)681-8011x228,Qualified,Alexandra Harris,2024-11-10
Rachel Anderson,christiankelly@example.com,(445)749-7984,Qualified,Becky Weaver,2024-11-02
Douglas Ferguson,mariejones@example.org,(833)742-7685,New,Becky Weaver,2024-11-22
Samantha Johnson,wsims@example.org,+1-680-735-3306,Contacted,Becky Weaver,2024-11-20
Brian Mack,bradleypowell@example.org,(576)354-7511,Closed - Lost,John Small,2024-11-25
Derrick Reynolds,howardjames@example.org,(483)564-5435,New,Alexandra Harris,2024-11-27
Karina Russell,robertowilkerson@example.org,+1-684-962-8126x0913,New,Melissa Ortiz,2024-11-14
Darlene Martinez,evansjames@example.net,429.811.2048,Contacted,Becky Weaver,2024-11-06
Derrick Stone,chadchavez@example.com,(421)247-3502x667,Qualified,Becky Weaver,2024-11-09
Nicholas Thompson,simssheryl@example.com,357-668-9747x283,Contacted,Melissa Ortiz,2024-11-10
Victoria Diaz,jeffreymatthews@example.com,001-849-530-4030x121,New,Melissa Ortiz,2024-11-20
Cheyenne Gentry,greendylan@example.net,309.312.4550x9539,Proposal Sent,Alexandra Harris,2024-11-10
Jason Harrison,wward@example.org,(684)788-7202x03010,Contacted,Melissa Ortiz,2024-11-26
Michael Robinson,cannondarrell@example.org,972-323-5146x1408,Closed - Won,Becky Weaver,2024-11-07
William Hays,ebyrd@example.com,001-502-858-3022x8516,New,Becky Weaver,2024-11-20
Mr. Daniel Perez,claudia11@example.com,(241)780-4302,Qualified,John Small,2024-11-28
Caleb Simon,jodirobinson@example.org,607.554.9201,Proposal Sent,John Small,2024-11-17
Suzanne Russo,tmarquez@example.org,6524126189,Proposal Sent,John Small,2024-11-11
Amy Gibson,shelia54@example.net,001-414-702-1822x6247,Closed - Won,Melissa Ortiz,2024-11-06
Robert Young,matthew96@example.org,352.256.3969x172,Qualified,Melissa Ortiz,2024-11-07
Rachel Richardson,gpeterson@example.com,(943)638-6974x6132,Contacted,Becky Weaver,2024-11-18
Amy Chan,ifarmer@example.org,434.581.2140,New,Melissa Ortiz,2024-11-27
Brian Sloan,mpowell@example.org,+1-576-441-1753,Contacted,Becky Weaver,2024-11-24
David Miller,lindajones@example.net,828.451.2102,Contacted,Alexandra Harris,2024-11-09
Mr. Peter Ball,flemingbrandon@example.net,880.881.3757x62371,Proposal Sent,John Small,2024-11-19
Brian Morris DDS,grossbrandi@example.net,653.553.4200x60410,New,Alexandra Harris,2024-11-16
James Ramirez,greenmichelle@example.org,423-646-1433x360,Contacted,Unassigned,2024-11-14
Alexandra Madden,iandersen@example.com,(551)649-7821,Qualified,John Small,2024-11-10
Jennifer Velasquez,melissa34@example.com,001-244-505-6881x02214,Closed - Won,Melissa Ortiz,2024-11-12
Amber Smith,hking@example.com,736-991-4585,Contacted,Becky Weaver,2024-11-10
Tyler Davis,huffamy@example.net,666-682-7840x86451,Contacted,Melissa Ortiz,2024-11-01
Daniel Pittman,estradacourtney@example.com,(351)651-9190,Qualified,Melissa Ortiz,2024-11-13
Valerie Garcia,kendra89@example.org,(471)857-5875x16601,New,Melissa Ortiz,2024-11-27
Laura Hernandez,edwardsdarren@example.org,8966182367,Contacted,Melissa Ortiz,2024-11-25
Joseph Ware,bushaaron@example.com,280-227-7648x0779,Proposal Sent,John Small,2024-11-20
Jane Curtis,cdaugherty@example.com,(530)694-8268x72741,New,Becky Weaver,2024-11-14
Carla Clay,meghan58@example.org,481.424.9182,Qualified,Alexandra Harris,2024-11-07
Cristina Franklin,smithdennis@example.org,001-245-365-1414x4133,Qualified,John Small,2024-11-30
Stephen White,cabreracole@example.net,(302)603-1658,Closed - Won,Becky Weaver,2024-11-26
Theresa Hawkins,rmontgomery@example.org,(407)353-5410x918,Contacted,Unassigned,2024-11-24
Jessica Barron,canderson@example.com,898.706.4485,Qualified,Becky Weaver,2024-11-26
Michael Saunders,schwartzjames@example.com,+1-538-944-3168x7939,Qualified,Alexandra Harris,2024-11-06
Maria Huff,frankandrew@example.net,345-722-1118x6317,Qualified,Unassigned,2024-11-18
Michael Ayala,kevinmann@example.com,001-754-217-1480x5250,Qualified,Melissa Ortiz,2024-11-23
Marisa Mckee,michael07@example.org,+1-537-605-2385x686,Contacted,Melissa Ortiz,2024-11-04
Tony Rios,christopher58@example.org,+1-799-842-6132x04864,Contacted,Alexandra Harris,2024-11-07
Dylan Gomez,dalesmith@example.com,849.667.2065,Closed - Lost,Alexandra Harris,2024-11-19
Luke Strickland,zperez@example.com,856-529-6815,Proposal Sent,Melissa Ortiz,2024-11-16
Kyle Gonzalez,greenlinda@example.org,242-519-9998,Contacted,John Small,2024-11-13
Kelly Johnson,zwalton@example.com,5093645557,New,John Small,2024-11-24
David Yu,sfuentes@example.com,+1-327-935-0779,New,John Small,2024-11-25
Vicki Gross,smithbrandy@example.net,237.569.7188x00820,Contacted,Becky Weaver,2024-11-02
Claire Buckley,jeremiah20@example.com,+1-204-983-9688,Contacted,Becky Weaver,2024-11-22
Paul Small,james24@example.org,+1-858-862-4637,Qualified,Alexandra Harris,2024-11-09
Micheal Thomas,bensonbrittany@example.com,001-405-563-7423x30018,Proposal Sent,Melissa Ortiz,2024-11-05
Larry Phillips,nhughes@example.net,001-865-394-9306x206,Contacted,John Small,2024-11-01
Linda Daniel,mikeshort@example.net,579.904.6907x37282,New,Becky Weaver,2024-11-05
Debra Smith,bsmith@example.net,507.576.2704x116,New,John Small,2024-11-13
Sara Wiggins,idominguez@example.com,+1-845-919-4916x2257,Proposal Sent,John Small,2024-11-10
Benjamin Thomas,gshort@example.com,+1-466-992-8977x9472,Qualified,Unassigned,2024-11-28
Kristi Rogers,mitchellsmith@example.org,(913)804-1618x31411,New,Melissa Ortiz,2024-11-22
Micheal Blevins,dcruz@example.org,+1-665-413-9107,Qualified,Becky Weaver,2024-11-20
Colleen Richard,carla27@example.org,630.793.7419,New,Melissa Ortiz,2024-11-11
Stephanie Jordan,wernerraymond@example.com,+1-298-706-8392x299,New,Becky Weaver,2024-11-25
Christopher Allen,worozco@example.com,(389)772-4404,Qualified,Alexandra Harris,2024-11-07
Cody Willis,kerrymartinez@example.org,426.663.1485x23641,Contacted,Melissa Ortiz,2024-11-15
Kayla Jenkins,pamela95@example.net,001-640-679-9192x9561,Contacted,Alexandra Harris,2024-11-26
Sherry Davis,sarahking@example.com,486.205.3389,Contacted,Becky Weaver,2024-11-22
Walter Diaz,ryan97@example.net,(613)326-4415x0683,Qualified,Becky Weaver,2024-11-18
Robert Jennings,joshuahenry@example.com,685.988.1872,Qualified,Melissa Ortiz,2024-11-28
Lauren Smith,framos@example.com,001-316-910-7588x52972,Contacted,Melissa Ortiz,2024-11-26
David Chavez,vincentdavid@example.org,273-354-9188x2221,Closed - Won,Becky Weaver,2024-11-30
Peter Adams,taylorlauren@example.com,(712)918-5837x2773,Proposal Sent,Unassigned,2024-11-26
Linda Martinez,terrydaniel@example.net,567.597.0457x926,Qualified,Alexandra Harris,2024-11-01
